firstName,lastName,email,phone,addressID,,portraitPath,accountID
Colleen,Zima,Colleen.Zima@gmail.com,2515753111,151,,,175
Nicole,Adinolfi,Nicole.Adinolfi@outlook.com,2423412542,23,,,176
Karthikeyan,Ait Sidi,KarthikeyaSidi@gmail.com,4807288000,120,,,177
Sarah,Akinkuolie,Sarah.Akinkuolie@outlook.com,9164534453,48,,,178
Trina,Alagbe,Trina.Alagbe@outlook.com,5657475636,70,,,179
Carol,Anderson,Carol.Anderson@gmail.com,2519282375,141,,,180
Linda,Anderson,Linda.Anderson@outlook.com,6029547311,94,,,181
Colby,Andreola,Colby.Andreola@gmail.com,2054817000,30,,,182
Sam,Athwal,Sam.Athwal@outlook.com,4156006000,160,,,183
Linda,Bachiochi,Linda.Bachiochi@outlook.com,6029331000,22,,,184
Alejandro,Bacong,Alejandro.Bacong@gmail.com,2568453150,177,,,185
Rachael,Baczenski,Rachael.Baczenski@outlook.com,8705844111,187,,,186
Thomas,Barbara,Thomas.Barbara@outlook.com,7076511000,91,,,187
Hector,Barbossa,Hector.Barbossa@gmail.com,9284452700,171,,,188
FranA,Barone,FranA.Barone@gmail.com,9077473241,127,,,189
Nader,Barton,Nader.Barton@outlook.com,5017488000,117,,,190
Norman,Bates,Norman.Bates@outlook.com,8708861200,74,,,191
Kimberly,Beak,Kimberly.Beak@gmail.com,4807333300,123,,,192
Courtney,Beatrice,Courtney.Beatrice@gmail.com,2512469021,152,,,193
Renee,Becker,Renee.Becker@outlook.com,8703644111,115,,,194
Scott,Becker,Scott.Becker@outlook.com,9517883000,2,,,195
Sean,Bernstein,Sean.Bernstein@outlook.com,6195436222,76,,,196
M,Biden,M.Biden@outlook.com,5016865000,147,,,197
Helen,Billis,Helen.Billis@gmail.com,9283367600,51,,,198
Dianna,Blount,Dianna.Blount@gmail.com,2563321611,128,,,199
Betsy,Bondwell,Betsy.Bondwell@gmail.com,2562594444,186,,,200
Frank,Booth,Frank.Booth@gmail.com,9074869592,56,,,201
Bonalyn,Boutwell,Bonalyn.Boutwell@gmail.com,2562355121,61,,,202
Charles,Bozzi,Charles.Bozzi@gmail.com,2055921000,114,,,203
Donna,Brill,Donna.Brill@gmail.com,2562495000,76,,,204
Mia,Brown,Mia.Brown@outlook.com,8706733511,173,,,205
Joseph,Buccheri,Joseph.Buccheri@gmail.com,6235611000,111,,,206
Josephine,Bugali,Josephine.Bugali@gmail.com,9287632273,124,,,207
Jessica,Bunbury,Jessica.Bunbury@gmail.com,9286747001,163,,,208
Joelle,Burke,Joelle.Burke@gmail.com,4806845898,44,,,209
Benjamin,Burkett,Benjamin.Burkett@gmail.com,2569742200,82,,,210
Max,Cady,Max.Cady@outlook.com,8703672411,141,,,211
Calvin,Candie,Calvin.Candie@gmail.com,3346243024,197,,,212
Judith,Carabbio,Judith.Carabbio@gmail.com,4808545050,19,,,213
Michael,Carey,Michael.Carey@outlook.com,5019857000,156,,,214
ClN,Carr,ClN.Carr@gmail.com,3342894000,4,,,215
Michelle,Carter,Michelle.Carter@outlook.com,8703385800,101,,,216
B'rigit,Carthy,B'rigit.Carthy@gmail.com,2053874000,186,,,217
Beatrice,Chace,Beatrice.Chace@gmail.com,2059264881,159,,,218
Brian,Champaigne,Brian.Champaigne@gmail.com,2514717110,155,,,219
Lin,Chan,Lin.Chan@outlook.com,9286699201,142,,,220
DoE,Chang,DoE.Chang@gmail.com,3347323000,187,,,221
Anton,Chigurh,Anton.Chigurh@gmail.com,2059325966,183,,,222
Enola,Chivukula,Enola.Chivukula@gmail.com,9075622211,194,,,223
Caroline,Cierpiszewski,Caroline.Cierpiszewski@gmail.com,2567614542,61,,,224
Rick,Clayton,Rick.Clayton@outlook.com,8702655351,144,,,225
Jennifer,Cloninger,Jennifer.Cloninger@gmail.com,9284751200,180,,,226
Phil,Close,Phil.Close@outlook.com,8705637000,91,,,227
Elijian,Clukey,Elijian.Clukey@gmail.com,2052743000,35,,,228
James,Cockel,James.Cockel@gmail.com,9284743222,61,,,229
Spencer,Cole,Spencer.Cole@outlook.com,9518451121,3,,,230
Michael,Corleone,Michael.Corleone@outlook.com,5013321000,182,,,231
Vito,Corleone,Vito.Corleone@outlook.com,3523523523,77,,,232
Lisa,Cornett,Lisa.Cornett@outlook.com,4794635113,52,,,233
Frank,Costello,Frank.Costello@gmail.com,9074433311,68,,,234
Jean,Crimmings,Jean.Crimmings@gmail.com,9283484000,68,,,235
Noah,Cross,Noah.Cross@outlook.com,4792537400,195,,,236
Lynn,Daneault,Lynn.Daneault@outlook.com,8702610000,84,,,237
Ann,Daniele,Ann.Daniele@gmail.com,2562358900,84,,,238
Jene'ya,Darson,Jene'ya.Darson@gmail.com,9282832501,16,,,239
Daniel,Davis,Daniel.Davis@gmail.com,2053925263,141,,,240
Randy,Dee,Randy.Dee@outlook.com,8702452622,82,,,241
James,DeGweck,James.DeGweck@gmail.com,4807283000,124,,,242
Keyla,Del Bosque,KeylBosque@gmail.com,6027977700,56,,,243
Alex,Delarge,Alex.Delarge@gmail.com,2056208100,139,,,244
Carla,Demita,Carla.Demita@gmail.com,2518678061,62,,,245
Carl,Desimone,Carl.Desimone@gmail.com,3345674311,89,,,246
Tommy,DeVito,Tommy.DeVito@outlook.com,6192948111,86,,,247
Geoff,Dickinson,Geoff.Dickinson@gmail.com,9074423321,48,,,248
Jenna,Dietrich,Jenna.Dietrich@gmail.com,5203627003,73,,,249
Lily,DiNocco,Lily.DiNocco@outlook.com,9283334368,153,,,250
DS,Dobrin,DS.Dobrin@gmail.com,3342448330,71,,,251
Linda,Dolan,Linda.Dolan@outlook.com,6022434231,84,,,252
Eric,Dougall,Eric.Dougall@gmail.com,9074528181,178,,,253
Elle,Driver,Elle.Driver@gmail.com,2514151000,82,,,254
Amy,Dunn,Amy.Dunn@gmail.com,3347493411,186,,,255
Amy,Dunne,Amy.Dunne@gmail.com,2563572111,177,,,256
Marianne,Eaton,Marianne.Eaton@outlook.com,5013293831,44,,,257
Jean,Engdahl,Jean.Engdahl@gmail.com,9288558185,153,,,258
Rex,England,Rex.England@outlook.com,5019772300,116,,,259
Angela,Erilus,Angela.Erilus@gmail.com,2567372000,46,,,260
Miguel,Estremera,Miguel.Estremera@outlook.com,8708632000,156,,,261
April,Evensen,April.Evensen@gmail.com,2565435200,18,,,262
Susan,Exantus,Susan.Exantus@outlook.com,4156416562,106,,,263
Megan,Faller,Megan.Faller@outlook.com,4793146000,142,,,264
Nicole,Fancett,Nicole.Fancett@outlook.com,4799636101,32,,,265
Susan,Ferguson,Susan.Ferguson@outlook.com,6619495000,20,,,266
Nilson,Fernandes,Nilson.Fernandes@outlook.com,4792294677,146,,,267
Boba,Fett,Boba.Fett@gmail.com,2563542131,93,,,268
Libby,Fidelia,Libby.Fidelia@outlook.com,9284021122,64,,,269
MiJ,Fitzpatrick,MiJ.Fitzpatrick@outlook.com,5017766000,179,,,270
Tanya,Foreman,Tanya.Foreman@outlook.com,2134133000,49,,,271
Alex,Forrest,Alex.Forrest@gmail.com,2053258100,106,,,272
Jason,Foss,Jason.Foss@gmail.com,6238324000,195,,,273
Amy,Foster-Baker,Amy.Foster-Baker@gmail.com,2059344011,154,,,274
Maruk,Fraval,Maruk.Fraval@outlook.com,4799682841,185,,,275
Lisa,Galia,Lisa.Galia@outlook.com,5015523000,163,,,276
Raul,Garcia,Raul.Garcia@outlook.com,8708952691,98,,,277
Barbara,Gaul,Barbara.Gaul@gmail.com,3343470584,95,,,278
Mildred,Gentry,Mildred.Gentry@outlook.com,8709727000,41,,,279
Melisa,Gerke,Melisa.Gerke@outlook.com,8705417100,167,,,280
Whitney,Gill,Whitney.Gill@outlook.com,3525234523,121,,,281
Alex,Gilles,Alex.Gilles@gmail.com,2563864556,125,,,282
Evelyn,Girifalco,Evelyn.Girifalco@gmail.com,9075632662,168,,,283
Myriam,Givens,Myriam.Givens@outlook.com,5015527100,104,,,284
Taisha,Goble,Taisha.Goble@outlook.com,5594596000,125,,,285
Amon,Goeth,Amon.Goeth@gmail.com,3342938000,95,,,286
Shenice,Gold,Shenice.Gold@outlook.com,5305298012,113,,,287
Cayo,Gonzalez,Cayo.Gonzalez@gmail.com,2057833800,122,,,288
Juan,Gonzalez,Juan.Gonzalez@gmail.com,4803424201,167,,,289
Maria,Gonzalez,Maria.Gonzalez@outlook.com,8705081000,177,,,290
Susan,Good,Susan.Good@outlook.com,5596242000,133,,,291
David,Gordon,David.Gordon@gmail.com,2058771000,38,,,292
Phylicia,Gosciminski,Phylicia.Gosciminski@outlook.com,8703526300,34,,,293
Roxana,Goyal,Roxana.Goyal@outlook.com,7074458121,127,,,294
Elijiah,Gray,Elijiah.Gray@gmail.com,2054599100,126,,,295
Paula,Gross,Paula.Gross@outlook.com,5018873000,128,,,296
Hans,Gruber,Hans.Gruber@gmail.com,5208723000,93,,,297
Mike,Guilianno,Mike.Guilianno@outlook.com,5012022000,25,,,298
Joanne,Handschiegl,Joanne.Handschiegl@gmail.com,5204698100,48,,,299
Earnest,Hankard,Earnest.Hankard@gmail.com,2562339292,11,,,300
Christie,Harrington,Christie.Harrington@gmail.com,3347382140,177,,,301
Kara,Harrison,Kara.Harrison@gmail.com,6233274000,111,,,302
Anthony,Heitzman,Anthony.Heitzman@gmail.com,2059216200,120,,,303
Trina,Hendrickson,Trina.Hendrickson@outlook.com,8657864856,42,,,304
Alfred,Hitchcock,Alfred.Hitchcock@gmail.com,2569275531,96,,,305
AdrJ,Homberger,AdrJ.Homberger@gmail.com,3343353374,38,,,306
Jayne,Horton,Jayne.Horton@gmail.com,4804123000,178,,,307
Debra,Houlihan,Debra.Houlihan@gmail.com,2515782480,137,,,308
Estelle,Howard,Estelle.Howard@gmail.com,9075436300,41,,,309
Jane,Hudson,Jane.Hudson@gmail.com,6022518156,136,,,310
Julissa,Hunts,Julissa.Hunts@gmail.com,5208742000,158,,,311
Rosalie,Hutter,Rosalie.Hutter@outlook.com,5013641100,74,,,312
Ming,Huynh,Ming.Huynh@outlook.com,8702621200,15,,,313
Walter,Immediato,Walter.Immediato@outlook.com,3525252355,152,,,314
Rose,Ivey,Rose.Ivey@outlook.com,5107826200,197,,,315
Maryellen,Jackson,Maryellen.Jackson@outlook.com,8708926000,85,,,316
Hannah,Jacobi,Hannah.Jacobi@gmail.com,5203275461,139,,,317
Tayana,Jeannite,Tayana.Jeannite@outlook.com,7146339111,84,,,318
Sneha,Jhaveri,Sneha.Jhaveri@outlook.com,7603397100,51,,,319
George,Johnson,George.Johnson@gmail.com,9072255171,45,,,320
Noelle,Johnson,Noelle.Johnson@outlook.com,8702973726,120,,,321
Yen,Johnston,Yen.Johnston@outlook.com,2343253531,107,,,322
Judy,Jung,Judy.Jung@gmail.com,4808324770,46,,,323
Donysha,Kampew,Donysha.Kampew@gmail.com,2513682500,26,,,324
Kramer,Keatts,Kramer.Keatts@gmail.com,5203934710,156,,,325
Bartholemew,Khemmich,Bartholemew.Khemmich@gmail.com,2059397000,89,,,326
Janet,King,Janet.King@gmail.com,4808824004,18,,,327
Kathleen,Kinsella,Kathleen.Kinsella@gmail.com,4808403715,161,,,328
Alexandra,Kirill,Alexandra.Kirill@gmail.com,3347742601,137,,,329
BrJ,Knapp,BrJ.Knapp@gmail.com,2519493400,46,,,330
John,Kretschmer,John.Kretschmer@gmail.com,4806845898,16,,,331
Freddy,Kreuger,Freddy.Kreuger@gmail.com,9078425201,189,,,332
Jyoti,Lajiri,Jyoti.Lajiri@gmail.com,9283384911,43,,,333
Hans,Landa,Hans.Landa@gmail.com,5208733000,113,,,334
Lindsey,Langford,Lindsey.Langford@outlook.com,4797545454,187,,,335
Enrico,Langton,Enrico.Langton@gmail.com,9078616000,100,,,336
William,LaRotonda,William.LaRotonda@outlook.com,3552523523,39,,,337
Mohammed,Latif,Mohammed.Latif@outlook.com,5016241281,190,,,338
Binh,Le,Binh.Le@gmail.com,3346887271,6,,,339
Dallas,Leach,Dallas.Leach@gmail.com,2568823100,43,,,340
BrR,LeBlanc,BrR.LeBlanc@gmail.com,2563412000,189,,,341
Hannibal,Lecter,Hannibal.Lecter@gmail.com,9286396058,140,,,342
Giovanni,Leruth,Giovanni.Leruth@gmail.com,9079662411,83,,,343
Ketsia,Liebig,Ketsia.Liebig@gmail.com,4803944030,48,,,344
Marilyn,Linares,Marilyn.Linares@outlook.com,5012023000,156,,,345
Mathew,Linden,Mathew.Linden@outlook.com,8708361000,108,,,346
Leonara,Lindsay,Leonara.Lindsay@outlook.com,5202853000,93,,,347
Susan,Lundy,Susan.Lundy@outlook.com,8185021900,144,,,348
Lisa,Lunquist,Lisa.Lunquist@outlook.com,4793388000,71,,,349
Allison,Lydon,Allison.Lydon@gmail.com,3342882100,180,,,350
Lindsay,Lynch,Lindsay.Lynch@outlook.com,4795244141,103,,,351
Samuel,MacLennan,Samuel.MacLennan@outlook.com,7072524411,149,,,352
Lauren,Mahoney,Lauren.Mahoney@gmail.com,9286692137,19,,,353
Robyn,Manchester,Robyn.Manchester@outlook.com,8705983881,196,,,354
Karen,Mancuso,Karen.Mancuso@gmail.com,9287887252,72,,,355
Debbie,Mangal,Debbie.Mangal@gmail.com,2567824538,181,,,356
Sandra,Martin,Sandra.Martin@outlook.com,7079633611,11,,,357
Shana,Maurice,Shana.Maurice@outlook.com,6613271792,83,,,358
Sandy,Mckenna,Sandy.Mckenna@outlook.com,2092237500,36,,,359
Jac,McKinzie,Jac.McKinzie@gmail.com,6023445011,119,,,360
Elizabeth,Meads,Elizabeth.Meads@gmail.com,2059399100,1,,,361
Jennifer,Medeiros,Jennifer.Medeiros@gmail.com,6022631200,2,,,362
Brannon,Miller,Brannon.Miller@gmail.com,2054877736,28,,,363
Ned,Miller,Ned.Miller@outlook.com,8707223800,146,,,364
Erasumus,Monkfish,Erasumus.Monkfish@gmail.com,9077968900,127,,,365
Peter,Monroe,Peter.Monroe@outlook.com,5017457000,46,,,366
Luisa,Monterro,Luisa.Monterro@outlook.com,4794743401,115,,,367
Patrick,Moran,Patrick.Moran@outlook.com,8708454400,188,,,368
Tanya,Morway,Tanya.Morway@outlook.com,2098473011,69,,,369
Dawn,Motlagh,Dawn.Motlagh@gmail.com,2513449630,90,,,370
Maliki,Moumanil,Maliki.Moumanil@outlook.com,5016221000,68,,,371
Michael,Myers,Michael.Myers@outlook.com,5013211000,68,,,372
Kurt,Navathe,Kurt.Navathe@gmail.com,9286452424,30,,,373
Colombui,Ndzi,Colombui.Ndzi@gmail.com,2054857117,123,,,374
Horia,Ndzi,Horia.Ndzi@gmail.com,5203816300,170,,,375
Richard,Newman,Richard.Newman@outlook.com,8702263731,25,,,376
Shari,Ngodup,Shari.Ngodup@outlook.com,5303327300,12,,,377
Dheepa,Nguyen,Dheepa.Nguyen@gmail.com,2563861601,192,,,378
Lei-Ming,Nguyen,Lei-Ming.Nguyen@outlook.com,9282894691,181,,,379
Kristie,Nowlan,Kristie.Nowlan@gmail.com,5203843541,135,,,380
Lynn,O'hare,Lynn.O'hare@outlook.com,8709724100,36,,,381
Brooke,Oliver,Brooke.Oliver@gmail.com,2516331000,115,,,382
Jasmine,Onque,Jasmine.Onque@gmail.com,9287572101,66,,,383
Adeel,Osturnka,Adeel.Osturnka@gmail.com,2565938310,104,,,384
Clinton,Owad,Clinton.Owad@gmail.com,2514354700,158,,,385
Travis,Ozark,Travis.Ozark@outlook.com,6192948122,39,,,386
Nina,Panjwani,Nina.Panjwani@outlook.com,4796674138,72,,,387
Lucas,Patronick,Lucas.Patronick@outlook.com,8704144000,145,,,388
Randall,Pearson,Randall.Pearson@outlook.com,8708985011,146,,,389
Ermine,Pelletier,Ermine.Pelletier@gmail.com,9072761131,55,,,390
Shakira,Perry,Shakira.Perry@outlook.com,5305338500,87,,,391
Lauren,Peters,Lauren.Peters@outlook.com,5205623321,59,,,392
Ebonee,Peterson,Ebonee.Peterson@gmail.com,2518472223,37,,,393
Shana,Petingill,Shana.Petingill@outlook.com,4088855000,117,,,394
Thelma,Petrowsky,Thelma.Petrowsky@outlook.com,4082366400,25,,,395
Hong,Pham,Hong.Pham@gmail.com,6023315862,11,,,396
Brad,Pitt,Brad.Pitt@gmail.com,2562339292,79,,,397
Xana,Potts,Xana.Potts@outlook.com,5466754646,159,,,398
Morissa,Power,Morissa.Power@outlook.com,5012197000,162,,,399
Louis,Punjabhi,Louis.Punjabhi@outlook.com,4793946100,4,,,400
Janine,Purinton,Janine.Purinton@gmail.com,5204173001,109,,,401
Sean,Quinn,Sean.Quinn@outlook.com,6194650711,43,,,402
Maggie,Rachael,Maggie.Rachael@outlook.com,4797515711,127,,,403
Quinn,Rarrick,Quinn.Rarrick@outlook.com,4796752800,150,,,404
Kylo,Ren,Kylo.Ren@gmail.com,9287376000,89,,,405
Thomas,Rhoads,Thomas.Rhoads@outlook.com,5107521000,160,,,406
Haley,Rivera,Haley.Rivera@gmail.com,6238485000,88,,,407
May,Roberson,May.Roberson@outlook.com,4794414000,51,,,408
Peter,Robertson,Peter.Robertson@outlook.com,8709463571,127,,,409
Alain,Robinson,Alain.Robinson@gmail.com,2058383122,105,,,410
Cherly,Robinson,Cherly.Robinson@gmail.com,2053678111,38,,,411
Elias,Robinson,Elias.Robinson@gmail.com,2563569532,5,,,412
Lori,Roby,Lori.Roby@outlook.com,5012783100,164,,,413
Bianca,Roehrich,Bianca.Roehrich@gmail.com,3346843655,5,,,414
Katie,Roper,Katie.Roper@gmail.com,4803586100,146,,,415
Ashley,Rose,Ashley.Rose@gmail.com,3343762205,108,,,416
Bruno,Rossetti,Bruno.Rossetti@gmail.com,2512753191,129,,,417
Simon,Roup,Simon.Roup@outlook.com,5106554000,158,,,418
Ricardo,Ruiz,Ricardo.Ruiz@outlook.com,8703824303,117,,,419
Adell,Saada,Adell.Saada@gmail.com,2567688400,199,,,420
Melinda,Saar-Beckles,Melinda.Saar-Beckles@outlook.com,8708387300,39,,,421
Nore,Sadki,Nore.Sadki@outlook.com,8702383300,113,,,422
Adil,Sahoo,Adil.Sahoo@gmail.com,3344933541,163,,,423
Jason,Salter,Jason.Salter@gmail.com,9285376399,90,,,424
Kamrin,Sander,Kamrin.Sander@gmail.com,5209013549,144,,,425
Nori,Sewkumar,Nori.Sewkumar@outlook.com,8702225600,126,,,426
Anita,Shepard,Anita.Shepard@gmail.com,3342228466,197,,,427
Seffi,Shields,Seffi.Shields@outlook.com,7078223621,99,,,428
Kramer,Simard,Kramer.Simard@gmail.com,9286845421,117,,,429
Nan,Singh,Nan.Singh@outlook.com,4795717002,92,,,430
Constance,Sloan,Constance.Sloan@gmail.com,3346705000,123,,,431
Joe,Smith,Joe.Smith@gmail.com,4803233000,124,,,432
John,Smith,John.Smith@gmail.com,6238796100,111,,,433
Ann,Smith,Ann.Smith@outlook.com,9287554541,200,,,434
Martin,Smith,Martin.Smith@outlook.com,8702397000,118,,,435
Sade,Smith,Sade.Smith@outlook.com,6506965270,170,,,436
Julia,Soto,Julia.Soto@gmail.com,6027956020,28,,,437
Keyser,Soze,Keyser.Soze@gmail.com,5204242060,4,,,438
Taylor,Sparks,Taylor.Sparks@outlook.com,6507423200,72,,,439
Kelley,Spirea,Kelley.Spirea@gmail.com,4805432000,177,,,440
Kristen,Squatrito,Kristen.Squatrito@gmail.com,5205862261,176,,,441
BaM,Stanford,BaM.Stanford@gmail.com,2568257821,78,,,442
Norman,Stansfield,Norman.Stansfield@outlook.com,8702694361,4,,,443
Tyrone,Steans,Tyrone.Steans@outlook.com,7647647476,198,,,444
Rick,Stoica,Rick.Stoica@outlook.com,8704233355,20,,,445
Caitrin,Strong,Caitrin.Strong@gmail.com,2057597111,181,,,446
Kissy,Sullivan,Kissy.Sullivan@gmail.com,6235845100,125,,,447
Timothy,Sullivan,Timothy.Sullivan@outlook.com,4158332646,198,,,448
Barbara,Sutwell,Barbara.Sutwell@gmail.com,2053723388,188,,,449
Andrew,Szabo,Andrew.Szabo@gmail.com,3342836541,45,,,450
Biff,Tannen,Biff.Tannen@gmail.com,2563297100,113,,,451
Desiree,Tavares,Desiree.Tavares@gmail.com,3343822200,83,,,452
Lenora,Tejeda,Lenora.Tejeda@outlook.com,5204326401,24,,,453
Sharlene,Terry,Sharlene.Terry@outlook.com,8183641555,174,,,454
Sophia,Theamstern,Sophia.Theamstern@outlook.com,4156006000,20,,,455
Kenneth,Thibaud,Kenneth.Thibaud@gmail.com,4803247004,95,,,456
Jeanette,Tippett,Jeanette.Tippett@gmail.com,9287298000,51,,,457
Jack,Torrence,Jack.Torrence@gmail.com,9287793366,123,,,458
Mei,Trang,Mei.Trang@outlook.com,8702353000,122,,,459
Neville,Tredinnick,Neville.Tredinnick@outlook.com,5015852000,148,,,460
Cybil,Trzeciak,Cybil.Trzeciak@gmail.com,2053383301,68,,,461
Jumil,Turpin,Jumil.Turpin@gmail.com,4806039000,139,,,462
Jackie,Valentin,Jackie.Valentin@gmail.com,6024065001,122,,,463
Abdellah,Veera,Abdellah.Veera@gmail.com,3347938701,137,,,464
Vincent,Vega,Vincent.Vega@outlook.com,4525424325,44,,,465
Noah,Villanueva,Noah.Villanueva@outlook.com,4796374135,14,,,466
Lord,Voldemort,Lord.Voldemort@outlook.com,4794952241,186,,,467
Colleen,Volk,Colleen.Volk@gmail.com,3344184100,189,,,468
Anna,Von Massenbach,AnnMassenbach@gmail.com,2562651000,197,,,469
Roger,Walker,Roger.Walker@outlook.com,4797875291,158,,,470
CouE,Wallace,CouE.Wallace@gmail.com,2519375521,28,,,471
Theresa,Wallace,Theresa.Wallace@outlook.com,9252954000,11,,,472
Charlie,Wang,Charlie.Wang@gmail.com,3343614267,73,,,473
Sarah,Warfield,Sarah.Warfield@outlook.com,2136248411,146,,,474
Scott,Whittier,Scott.Whittier@outlook.com,6194704321,139,,,475
Barry,Wilber,Barry.Wilber@gmail.com,3347935000,111,,,476
Annie,Wilkes,Annie.Wilkes@gmail.com,2564944000,66,,,477
Jacquelyn,Williams,Jacquelyn.Williams@gmail.com,6022490212,75,,,478
Jordan,Winthrop,Jordan.Winthrop@gmail.com,6235244000,176,,,479
Hang T,Wolk,Hang T.Wolk@gmail.com,6022392000,11,,,480
Jason,Woodson,Jason.Woodson@gmail.com,5208744189,80,,,481
Catherine,Ybarra,Catherine.Ybarra@gmail.com,3346824131,47,,,482
Jennifer,Zamora,Jennifer.Zamora@gmail.com,6029235000,71,,,483
Julia,Zhou,Julia.Zhou@gmail.com,6238821515,56,,,484
