accountID,positionID,firstName,lastName,email,phone,addressID,resumePath,workBeginDate,website,status,applicationTime
175,137,Colleen,Zima,Colleen.Zima@gmail.com,2515753111,151,,2020/1/18,https://www.linkedin.com/in/ZimaColleen/,pending,2019/4/18
176,132,Nicole,Adinolfi,Nicole.Adinolfi@outlook.com,2423412542,23,,2020/8/17,https://www.linkedin.com/in/AdinolfiNicole/,pending,2019/4/11
177,69,Karthikeyan,Ait Sidi,Karthikeyan.Ait Sidi@gmail.com,4807288000,120,,2020/7/19,https://www.linkedin.com/in/Ait SidiKarthikeyan/,pending,2019/5/7
178,44,Sarah,Akinkuolie,Sarah.Akinkuolie@outlook.com,9164534453,48,,2020/5/29,https://www.linkedin.com/in/AkinkuolieSarah/,pending,2019/8/18
179,159,Trina,Alagbe,Trina.Alagbe@outlook.com,5657475636,70,,2020/4/23,https://www.linkedin.com/in/AlagbeTrina/,pending,2019/1/25
180,141,Carol,Anderson,Carol.Anderson@gmail.com,2519282375,141,,2020/3/3,https://www.linkedin.com/in/AndersonCarol/,pending,2019/7/28
181,137,Linda,Anderson,Linda.Anderson@outlook.com,6029547311,94,,2020/1/20,https://www.linkedin.com/in/AndersonLinda/,pending,2019/8/27
182,174,Colby,Andreola,Colby.Andreola@gmail.com,2054817000,30,,2020/5/20,https://www.linkedin.com/in/AndreolaColby/,pending,2019/2/22
183,5,Sam,Athwal,Sam.Athwal@outlook.com,4156006000,160,,2020/6/30,https://www.linkedin.com/in/AthwalSam/,pending,2019/12/9
184,24,Linda,Bachiochi,Linda.Bachiochi@outlook.com,6029331000,22,,2020/7/29,https://www.linkedin.com/in/BachiochiLinda/,pending,2019/9/15
185,40,Alejandro,Bacong,Alejandro.Bacong@gmail.com,2568453150,177,,2020/7/6,https://www.linkedin.com/in/BacongAlejandro/,pending,2019/7/26
186,71,Rachael,Baczenski,Rachael.Baczenski@outlook.com,8705844111,187,,2020/9/13,https://www.linkedin.com/in/BaczenskiRachael/,pending,2019/12/10
187,162,Thomas,Barbara,Thomas.Barbara@outlook.com,7076511000,91,,2020/1/20,https://www.linkedin.com/in/BarbaraThomas/,pending,2019/12/7
188,106,Hector,Barbossa,Hector.Barbossa@gmail.com,9284452700,171,,2020/11/17,https://www.linkedin.com/in/BarbossaHector/,pending,2019/3/14
189,152,Francesco A,Barone,Francesco A.Barone@gmail.com,9077473241,127,,2020/12/17,https://www.linkedin.com/in/BaroneFrancesco A/,pending,2019/2/27
190,82,Nader,Barton,Nader.Barton@outlook.com,5017488000,117,,2020/7/29,https://www.linkedin.com/in/BartonNader/,pending,2019/5/8
191,186,Norman,Bates,Norman.Bates@outlook.com,8708861200,74,,2020/9/16,https://www.linkedin.com/in/BatesNorman/,pending,2019/1/4
192,144,Kimberly,Beak,Kimberly.Beak@gmail.com,4807333300,123,,2020/6/1,https://www.linkedin.com/in/BeakKimberly/,pending,2019/9/8
193,120,Courtney,Beatrice,Courtney.Beatrice@gmail.com,2512469021,152,,2020/5/27,https://www.linkedin.com/in/BeatriceCourtney/,pending,2019/8/22
194,167,Renee,Becker,Renee.Becker@outlook.com,8703644111,115,,2020/1/15,https://www.linkedin.com/in/BeckerRenee/,pending,2019/6/23
195,53,Scott,Becker,Scott.Becker@outlook.com,9517883000,2,,2020/8/16,https://www.linkedin.com/in/BeckerScott/,pending,2019/5/6
196,115,Sean,Bernstein,Sean.Bernstein@outlook.com,6195436222,76,,2020/6/4,https://www.linkedin.com/in/BernsteinSean/,pending,2019/3/9
197,142,Lowan M,Biden,Lowan M.Biden@outlook.com,5016865000,147,,2020/12/2,https://www.linkedin.com/in/BidenLowan M/,pending,2019/5/26
198,127,Helen,Billis,Helen.Billis@gmail.com,9283367600,51,,2020/8/25,https://www.linkedin.com/in/BillisHelen/,pending,2019/9/8
199,134,Dianna,Blount,Dianna.Blount@gmail.com,2563321611,128,,2020/6/6,https://www.linkedin.com/in/BlountDianna/,pending,2019/12/14
200,92,Betsy,Bondwell,Betsy.Bondwell@gmail.com,2562594444,186,,2020/4/20,https://www.linkedin.com/in/BondwellBetsy/,pending,2019/5/17
201,108,Frank,Booth,Frank.Booth@gmail.com,9074869592,56,,2020/10/20,https://www.linkedin.com/in/BoothFrank/,pending,2019/12/1
202,187,Bonalyn,Boutwell,Bonalyn.Boutwell@gmail.com,2562355121,61,,2020/12/29,https://www.linkedin.com/in/BoutwellBonalyn/,pending,2019/9/3
203,186,Charles,Bozzi,Charles.Bozzi@gmail.com,2055921000,114,,2020/5/6,https://www.linkedin.com/in/BozziCharles/,pending,2019/7/6
204,139,Donna,Brill,Donna.Brill@gmail.com,2562495000,76,,2020/5/2,https://www.linkedin.com/in/BrillDonna/,pending,2019/8/2
205,22,Mia,Brown,Mia.Brown@outlook.com,8706733511,173,,2020/5/28,https://www.linkedin.com/in/BrownMia/,pending,2019/10/17
206,171,Joseph,Buccheri,Joseph.Buccheri@gmail.com,6235611000,111,,2020/12/10,https://www.linkedin.com/in/BuccheriJoseph/,pending,2019/2/20
207,135,Josephine,Bugali,Josephine.Bugali@gmail.com,9287632273,124,,2020/11/4,https://www.linkedin.com/in/BugaliJosephine/,pending,2019/2/16
208,171,Jessica,Bunbury,Jessica.Bunbury@gmail.com,9286747001,163,,2020/1/1,https://www.linkedin.com/in/BunburyJessica/,pending,2019/7/30
209,154,Joelle,Burke,Joelle.Burke@gmail.com,4806845898,44,,2020/6/19,https://www.linkedin.com/in/BurkeJoelle/,pending,2019/1/14
210,159,Benjamin,Burkett,Benjamin.Burkett@gmail.com,2569742200,82,,2020/4/15,https://www.linkedin.com/in/BurkettBenjamin/,pending,2019/10/27
211,72,Max,Cady,Max.Cady@outlook.com,8703672411,141,,2020/10/10,https://www.linkedin.com/in/CadyMax/,pending,2019/1/20
212,156,Calvin,Candie,Calvin.Candie@gmail.com,3346243024,197,,2020/9/20,https://www.linkedin.com/in/CandieCalvin/,pending,2019/4/7
213,81,Judith,Carabbio,Judith.Carabbio@gmail.com,4808545050,19,,2020/4/17,https://www.linkedin.com/in/CarabbioJudith/,pending,2019/5/7
214,29,Michael,Carey,Michael.Carey@outlook.com,5019857000,156,,2020/1/29,https://www.linkedin.com/in/CareyMichael/,pending,2019/11/29
215,103,Claudia N,Carr,Claudia N.Carr@gmail.com,3342894000,4,,2020/10/23,https://www.linkedin.com/in/CarrClaudia N/,pending,2019/1/14
216,157,Michelle,Carter,Michelle.Carter@outlook.com,8703385800,101,,2020/6/8,https://www.linkedin.com/in/CarterMichelle/,pending,2019/10/13
217,115,Brigit,Carthy,Brigit.Carthy@gmail.com,2053874000,186,,2020/1/24,https://www.linkedin.com/in/CarthyBrigit/,pending,2019/12/12
218,49,Beatrice,Chace,Beatrice.Chace@gmail.com,2059264881,159,,2020/3/9,https://www.linkedin.com/in/ChaceBeatrice/,pending,2019/1/9
219,124,Brian,Champaigne,Brian.Champaigne@gmail.com,2514717110,155,,2020/4/9,https://www.linkedin.com/in/ChampaigneBrian/,pending,2019/10/28
220,104,Lin,Chan,Lin.Chan@outlook.com,9286699201,142,,2020/11/21,https://www.linkedin.com/in/ChanLin/,pending,2019/4/30
221,15,Donovan E,Chang,Donovan E.Chang@gmail.com,3347323000,187,,2020/9/27,https://www.linkedin.com/in/ChangDonovan E/,pending,2019/2/8
222,93,Anton,Chigurh,Anton.Chigurh@gmail.com,2059325966,183,,2020/12/19,https://www.linkedin.com/in/ChigurhAnton/,pending,2019/11/22
223,25,Enola,Chivukula,Enola.Chivukula@gmail.com,9075622211,194,,2020/10/17,https://www.linkedin.com/in/ChivukulaEnola/,pending,2019/4/26
224,138,Caroline,Cierpiszewski,Caroline.Cierpiszewski@gmail.com,2567614542,61,,2020/8/9,https://www.linkedin.com/in/CierpiszewskiCaroline/,pending,2019/4/26
225,32,Rick,Clayton,Rick.Clayton@outlook.com,8702655351,144,,2020/5/12,https://www.linkedin.com/in/ClaytonRick/,pending,2019/9/30
226,137,Jennifer,Cloninger,Jennifer.Cloninger@gmail.com,9284751200,180,,2020/10/19,https://www.linkedin.com/in/CloningerJennifer/,pending,2019/4/12
227,89,Phil,Close,Phil.Close@outlook.com,8705637000,91,,2020/1/12,https://www.linkedin.com/in/ClosePhil/,pending,2019/2/21
228,136,Elijian,Clukey,Elijian.Clukey@gmail.com,2052743000,35,,2020/1/7,https://www.linkedin.com/in/ClukeyElijian/,pending,2019/4/10
229,84,James,Cockel,James.Cockel@gmail.com,9284743222,61,,2020/2/29,https://www.linkedin.com/in/CockelJames/,pending,2019/6/27
230,34,Spencer,Cole,Spencer.Cole@outlook.com,9518451121,3,,2020/3/4,https://www.linkedin.com/in/ColeSpencer/,pending,2019/4/10
231,197,Michael,Corleone,Michael.Corleone@outlook.com,5013321000,182,,2020/12/21,https://www.linkedin.com/in/CorleoneMichael/,pending,2019/10/19
232,91,Vito,Corleone,Vito.Corleone@outlook.com,3523523523,77,,2020/7/8,https://www.linkedin.com/in/CorleoneVito/,pending,2019/12/2
233,91,Lisa,Cornett,Lisa.Cornett@outlook.com,4794635113,52,,2020/11/28,https://www.linkedin.com/in/CornettLisa/,pending,2019/7/23
234,125,Frank,Costello,Frank.Costello@gmail.com,9074433311,68,,2020/6/8,https://www.linkedin.com/in/CostelloFrank/,pending,2019/11/29
235,96,Jean,Crimmings,Jean.Crimmings@gmail.com,9283484000,68,,2020/12/5,https://www.linkedin.com/in/CrimmingsJean/,pending,2019/7/12
236,38,Noah,Cross,Noah.Cross@outlook.com,4792537400,195,,2020/9/2,https://www.linkedin.com/in/CrossNoah/,pending,2019/8/12
237,24,Lynn,Daneault,Lynn.Daneault@outlook.com,8702610000,84,,2020/2/21,https://www.linkedin.com/in/DaneaultLynn/,pending,2019/7/20
238,124,Ann,Daniele,Ann.Daniele@gmail.com,2562358900,84,,2020/9/14,https://www.linkedin.com/in/DanieleAnn/,pending,2019/1/9
239,66,Jeneya,Darson,Jeneya.Darson@gmail.com,9282832501,16,,2020/6/19,https://www.linkedin.com/in/DarsonJeneya/,pending,2019/1/22
240,74,Daniel,Davis,Daniel.Davis@gmail.com,2053925263,141,,2020/10/20,https://www.linkedin.com/in/DavisDaniel/,pending,2019/10/24
241,74,Randy,Dee,Randy.Dee@outlook.com,8702452622,82,,2020/4/18,https://www.linkedin.com/in/DeeRandy/,pending,2019/10/2
242,182,James,DeGweck,James.DeGweck@gmail.com,4807283000,124,,2020/3/29,https://www.linkedin.com/in/DeGweckJames/,pending,2019/2/6
243,192,Keyla,Del Bosque,Keyla.Del Bosque@gmail.com,6027977700,56,,2020/9/8,https://www.linkedin.com/in/Del BosqueKeyla/,pending,2019/11/9
244,109,Alex,Delarge,Alex.Delarge@gmail.com,2056208100,139,,2020/4/18,https://www.linkedin.com/in/DelargeAlex/,pending,2019/7/13
245,104,Carla,Demita,Carla.Demita@gmail.com,2518678061,62,,2020/4/4,https://www.linkedin.com/in/DemitaCarla/,pending,2019/7/2
246,15,Carl,Desimone,Carl.Desimone@gmail.com,3345674311,89,,2020/5/24,https://www.linkedin.com/in/DesimoneCarl/,pending,2019/6/2
247,115,Tommy,DeVito,Tommy.DeVito@outlook.com,6192948111,86,,2020/5/17,https://www.linkedin.com/in/DeVitoTommy/,pending,2019/12/4
248,141,Geoff,Dickinson,Geoff.Dickinson@gmail.com,9074423321,48,,2020/12/17,https://www.linkedin.com/in/DickinsonGeoff/,pending,2019/10/18
249,164,Jenna,Dietrich,Jenna.Dietrich@gmail.com,5203627003,73,,2020/11/14,https://www.linkedin.com/in/DietrichJenna/,pending,2019/11/28
250,174,Lily,DiNocco,Lily.DiNocco@outlook.com,9283334368,153,,2020/6/25,https://www.linkedin.com/in/DiNoccoLily/,pending,2019/1/24
251,15,Denisa S,Dobrin,Denisa S.Dobrin@gmail.com,3342448330,71,,2020/7/7,https://www.linkedin.com/in/DobrinDenisa S/,pending,2019/2/19
252,78,Linda,Dolan,Linda.Dolan@outlook.com,6022434231,84,,2020/8/15,https://www.linkedin.com/in/DolanLinda/,pending,2019/12/26
253,65,Eric,Dougall,Eric.Dougall@gmail.com,9074528181,178,,2020/2/26,https://www.linkedin.com/in/DougallEric/,pending,2019/10/21
254,38,Elle,Driver,Elle.Driver@gmail.com,2514151000,82,,2020/6/30,https://www.linkedin.com/in/DriverElle/,pending,2019/7/5
255,100,Amy,Dunn,Amy.Dunn@gmail.com,3347493411,186,,2020/4/10,https://www.linkedin.com/in/DunnAmy/,pending,2019/9/14
256,194,Amy,Dunne,Amy.Dunne@gmail.com,2563572111,177,,2020/10/11,https://www.linkedin.com/in/DunneAmy/,pending,2019/6/2
257,28,Marianne,Eaton,Marianne.Eaton@outlook.com,5013293831,44,,2020/12/15,https://www.linkedin.com/in/EatonMarianne/,pending,2019/7/26
258,169,Jean,Engdahl,Jean.Engdahl@gmail.com,9288558185,153,,2020/2/13,https://www.linkedin.com/in/EngdahlJean/,pending,2019/1/13
259,124,Rex,England,Rex.England@outlook.com,5019772300,116,,2020/7/21,https://www.linkedin.com/in/EnglandRex/,pending,2019/12/27
260,39,Angela,Erilus,Angela.Erilus@gmail.com,2567372000,46,,2020/4/19,https://www.linkedin.com/in/ErilusAngela/,pending,2019/12/22
261,32,Miguel,Estremera,Miguel.Estremera@outlook.com,8708632000,156,,2020/11/3,https://www.linkedin.com/in/EstremeraMiguel/,pending,2019/4/26
262,150,April,Evensen,April.Evensen@gmail.com,2565435200,18,,2020/1/2,https://www.linkedin.com/in/EvensenApril/,pending,2019/7/6
263,189,Susan,Exantus,Susan.Exantus@outlook.com,4156416562,106,,2020/12/20,https://www.linkedin.com/in/ExantusSusan/,pending,2019/6/6
264,185,Megan,Faller,Megan.Faller@outlook.com,4793146000,142,,2020/11/12,https://www.linkedin.com/in/FallerMegan/,pending,2019/8/30
265,128,Nicole,Fancett,Nicole.Fancett@outlook.com,4799636101,32,,2020/10/17,https://www.linkedin.com/in/FancettNicole/,pending,2019/10/29
266,158,Susan,Ferguson,Susan.Ferguson@outlook.com,6619495000,20,,2020/10/5,https://www.linkedin.com/in/FergusonSusan/,pending,2019/11/30
267,198,Nilson,Fernandes,Nilson.Fernandes@outlook.com,4792294677,146,,2020/1/19,https://www.linkedin.com/in/FernandesNilson/,pending,2019/12/26
268,86,Boba,Fett,Boba.Fett@gmail.com,2563542131,93,,2020/9/27,https://www.linkedin.com/in/FettBoba/,pending,2019/9/19
269,26,Libby,Fidelia,Libby.Fidelia@outlook.com,9284021122,64,,2020/12/23,https://www.linkedin.com/in/FideliaLibby/,pending,2019/9/13
270,89,Michael J,Fitzpatrick,Michael J.Fitzpatrick@outlook.com,5017766000,179,,2020/6/25,https://www.linkedin.com/in/FitzpatrickMichael J/,pending,2019/6/19
271,5,Tanya,Foreman,Tanya.Foreman@outlook.com,2134133000,49,,2020/7/29,https://www.linkedin.com/in/ForemanTanya/,pending,2019/10/14
272,148,Alex,Forrest,Alex.Forrest@gmail.com,2053258100,106,,2020/1/19,https://www.linkedin.com/in/ForrestAlex/,pending,2019/2/23
273,82,Jason,Foss,Jason.Foss@gmail.com,6238324000,195,,2020/11/25,https://www.linkedin.com/in/FossJason/,pending,2019/9/3
274,194,Amy,FosterBaker,Amy.FosterBaker@gmail.com,2059344011,154,,2020/7/6,https://www.linkedin.com/in/FosterBakerAmy/,pending,2019/6/17
275,83,Maruk,Fraval,Maruk.Fraval@outlook.com,4799682841,185,,2020/6/7,https://www.linkedin.com/in/FravalMaruk/,pending,2019/11/9
276,138,Lisa,Galia,Lisa.Galia@outlook.com,5015523000,163,,2020/4/2,https://www.linkedin.com/in/GaliaLisa/,pending,2019/11/27
277,93,Raul,Garcia,Raul.Garcia@outlook.com,8708952691,98,,2020/5/9,https://www.linkedin.com/in/GarciaRaul/,pending,2019/11/6
278,149,Barbara,Gaul,Barbara.Gaul@gmail.com,3343470584,95,,2020/7/28,https://www.linkedin.com/in/GaulBarbara/,pending,2019/11/25
279,6,Mildred,Gentry,Mildred.Gentry@outlook.com,8709727000,41,,2020/4/24,https://www.linkedin.com/in/GentryMildred/,pending,2019/1/30
280,9,Melisa,Gerke,Melisa.Gerke@outlook.com,8705417100,167,,2020/7/17,https://www.linkedin.com/in/GerkeMelisa/,pending,2019/2/24
281,133,Whitney,Gill,Whitney.Gill@outlook.com,3525234523,121,,2020/2/4,https://www.linkedin.com/in/GillWhitney/,pending,2019/10/12
282,195,Alex,Gilles,Alex.Gilles@gmail.com,2563864556,125,,2020/7/20,https://www.linkedin.com/in/GillesAlex/,pending,2019/8/8
283,197,Evelyn,Girifalco,Evelyn.Girifalco@gmail.com,9075632662,168,,2020/9/15,https://www.linkedin.com/in/GirifalcoEvelyn/,pending,2019/4/16
284,120,Myriam,Givens,Myriam.Givens@outlook.com,5015527100,104,,2020/8/27,https://www.linkedin.com/in/GivensMyriam/,pending,2019/1/2
285,141,Taisha,Goble,Taisha.Goble@outlook.com,5594596000,125,,2020/1/16,https://www.linkedin.com/in/GobleTaisha/,pending,2019/5/25
286,76,Amon,Goeth,Amon.Goeth@gmail.com,3342938000,95,,2020/4/25,https://www.linkedin.com/in/GoethAmon/,pending,2019/1/30
287,144,Shenice,Gold,Shenice.Gold@outlook.com,5305298012,113,,2020/9/13,https://www.linkedin.com/in/GoldShenice/,pending,2019/8/5
288,141,Cayo,Gonzalez,Cayo.Gonzalez@gmail.com,2057833800,122,,2020/3/21,https://www.linkedin.com/in/GonzalezCayo/,pending,2019/10/29
289,43,Juan,Gonzalez,Juan.Gonzalez@gmail.com,4803424201,167,,2020/5/13,https://www.linkedin.com/in/GonzalezJuan/,pending,2019/11/19
290,87,Maria,Gonzalez,Maria.Gonzalez@outlook.com,8705081000,177,,2020/11/15,https://www.linkedin.com/in/GonzalezMaria/,pending,2019/4/17
291,7,Susan,Good,Susan.Good@outlook.com,5596242000,133,,2020/8/16,https://www.linkedin.com/in/GoodSusan/,pending,2019/7/27
292,103,David,Gordon,David.Gordon@gmail.com,2058771000,38,,2020/11/30,https://www.linkedin.com/in/GordonDavid/,pending,2019/10/26
293,33,Phylicia,Gosciminski,Phylicia.Gosciminski@outlook.com,8703526300,34,,2020/5/3,https://www.linkedin.com/in/GosciminskiPhylicia/,pending,2019/2/24
294,163,Roxana,Goyal,Roxana.Goyal@outlook.com,7074458121,127,,2020/9/30,https://www.linkedin.com/in/GoyalRoxana/,pending,2019/7/27
295,105,Elijiah,Gray,Elijiah.Gray@gmail.com,2054599100,126,,2020/3/9,https://www.linkedin.com/in/GrayElijiah/,pending,2019/7/4
296,104,Paula,Gross,Paula.Gross@outlook.com,5018873000,128,,2020/7/29,https://www.linkedin.com/in/GrossPaula/,pending,2019/6/9
297,173,Hans,Gruber,Hans.Gruber@gmail.com,5208723000,93,,2020/6/13,https://www.linkedin.com/in/GruberHans/,pending,2019/8/30
298,59,Mike,Guilianno,Mike.Guilianno@outlook.com,5012022000,25,,2020/10/13,https://www.linkedin.com/in/GuiliannoMike/,pending,2019/3/15
299,145,Joanne,Handschiegl,Joanne.Handschiegl@gmail.com,5204698100,48,,2020/8/23,https://www.linkedin.com/in/HandschieglJoanne/,pending,2019/1/23
300,61,Earnest,Hankard,Earnest.Hankard@gmail.com,2562339292,11,,2020/8/1,https://www.linkedin.com/in/HankardEarnest/,pending,2019/2/9
301,103,Christie,Harrington,Christie.Harrington@gmail.com,3347382140,177,,2020/7/6,https://www.linkedin.com/in/HarringtonChristie/,pending,2019/4/5
302,153,Kara,Harrison,Kara.Harrison@gmail.com,6233274000,111,,2020/6/14,https://www.linkedin.com/in/HarrisonKara/,pending,2019/11/25
303,164,Anthony,Heitzman,Anthony.Heitzman@gmail.com,2059216200,120,,2020/11/21,https://www.linkedin.com/in/HeitzmanAnthony/,pending,2019/2/23
304,46,Trina,Hendrickson,Trina.Hendrickson@outlook.com,8657864856,42,,2020/12/25,https://www.linkedin.com/in/HendricksonTrina/,pending,2019/2/24
305,167,Alfred,Hitchcock,Alfred.Hitchcock@gmail.com,2569275531,96,,2020/8/8,https://www.linkedin.com/in/HitchcockAlfred/,pending,2019/1/1
306,105,Adrienne J,Homberger,Adrienne J.Homberger@gmail.com,3343353374,38,,2020/7/22,https://www.linkedin.com/in/HombergerAdrienne J/,pending,2019/3/14
307,14,Jayne,Horton,Jayne.Horton@gmail.com,4804123000,178,,2020/7/18,https://www.linkedin.com/in/HortonJayne/,pending,2019/3/14
308,152,Debra,Houlihan,Debra.Houlihan@gmail.com,2515782480,137,,2020/7/24,https://www.linkedin.com/in/HoulihanDebra/,pending,2019/1/12
309,172,Estelle,Howard,Estelle.Howard@gmail.com,9075436300,41,,2020/9/17,https://www.linkedin.com/in/HowardEstelle/,pending,2019/2/14
310,132,Jane,Hudson,Jane.Hudson@gmail.com,6022518156,136,,2020/6/6,https://www.linkedin.com/in/HudsonJane/,pending,2019/2/7
311,95,Julissa,Hunts,Julissa.Hunts@gmail.com,5208742000,158,,2020/10/1,https://www.linkedin.com/in/HuntsJulissa/,pending,2019/6/29
312,100,Rosalie,Hutter,Rosalie.Hutter@outlook.com,5013641100,74,,2020/3/11,https://www.linkedin.com/in/HutterRosalie/,pending,2019/5/30
313,89,Ming,Huynh,Ming.Huynh@outlook.com,8702621200,15,,2020/4/12,https://www.linkedin.com/in/HuynhMing/,pending,2019/1/17
314,104,Walter,Immediato,Walter.Immediato@outlook.com,3525252355,152,,2020/9/29,https://www.linkedin.com/in/ImmediatoWalter/,pending,2019/1/2
315,124,Rose,Ivey,Rose.Ivey@outlook.com,5107826200,197,,2020/10/5,https://www.linkedin.com/in/IveyRose/,pending,2019/10/30
316,84,Maryellen,Jackson,Maryellen.Jackson@outlook.com,8708926000,85,,2020/3/13,https://www.linkedin.com/in/JacksonMaryellen/,pending,2019/4/2
317,99,Hannah,Jacobi,Hannah.Jacobi@gmail.com,5203275461,139,,2020/10/2,https://www.linkedin.com/in/JacobiHannah/,pending,2019/9/8
318,118,Tayana,Jeannite,Tayana.Jeannite@outlook.com,7146339111,84,,2020/10/5,https://www.linkedin.com/in/JeanniteTayana/,pending,2019/3/25
319,32,Sneha,Jhaveri,Sneha.Jhaveri@outlook.com,7603397100,51,,2020/7/19,https://www.linkedin.com/in/JhaveriSneha/,pending,2019/10/18
320,170,George,Johnson,George.Johnson@gmail.com,9072255171,45,,2020/12/22,https://www.linkedin.com/in/JohnsonGeorge/,pending,2019/11/4
321,150,Noelle,Johnson,Noelle.Johnson@outlook.com,8702973726,120,,2020/9/14,https://www.linkedin.com/in/JohnsonNoelle/,pending,2019/8/26
322,130,Yen,Johnston,Yen.Johnston@outlook.com,2343253531,107,,2020/5/20,https://www.linkedin.com/in/JohnstonYen/,pending,2019/12/4
323,123,Judy,Jung,Judy.Jung@gmail.com,4808324770,46,,2020/8/13,https://www.linkedin.com/in/JungJudy/,pending,2019/9/18
324,160,Donysha,Kampew,Donysha.Kampew@gmail.com,2513682500,26,,2020/6/16,https://www.linkedin.com/in/KampewDonysha/,pending,2019/1/10
325,57,Kramer,Keatts,Kramer.Keatts@gmail.com,5203934710,156,,2020/2/13,https://www.linkedin.com/in/KeattsKramer/,pending,2019/12/22
326,32,Bartholemew,Khemmich,Bartholemew.Khemmich@gmail.com,2059397000,89,,2020/3/29,https://www.linkedin.com/in/KhemmichBartholemew/,pending,2019/8/28
327,44,Janet,King,Janet.King@gmail.com,4808824004,18,,2020/10/28,https://www.linkedin.com/in/KingJanet/,pending,2019/9/27
328,113,Kathleen,Kinsella,Kathleen.Kinsella@gmail.com,4808403715,161,,2020/9/8,https://www.linkedin.com/in/KinsellaKathleen/,pending,2019/12/30
329,166,Alexandra,Kirill,Alexandra.Kirill@gmail.com,3347742601,137,,2020/10/16,https://www.linkedin.com/in/KirillAlexandra/,pending,2019/6/2
330,141,Bradley J,Knapp,Bradley J.Knapp@gmail.com,2519493400,46,,2020/6/29,https://www.linkedin.com/in/KnappBradley J/,pending,2019/3/1
331,59,John,Kretschmer,John.Kretschmer@gmail.com,4806845898,16,,2020/1/14,https://www.linkedin.com/in/KretschmerJohn/,pending,2019/11/27
332,85,Freddy,Kreuger,Freddy.Kreuger@gmail.com,9078425201,189,,2020/6/16,https://www.linkedin.com/in/KreugerFreddy/,pending,2019/4/30
333,85,Jyoti,Lajiri,Jyoti.Lajiri@gmail.com,9283384911,43,,2020/5/14,https://www.linkedin.com/in/LajiriJyoti/,pending,2019/12/7
334,51,Hans,Landa,Hans.Landa@gmail.com,5208733000,113,,2020/9/6,https://www.linkedin.com/in/LandaHans/,pending,2019/8/16
335,14,Lindsey,Langford,Lindsey.Langford@outlook.com,4797545454,187,,2020/3/6,https://www.linkedin.com/in/LangfordLindsey/,pending,2019/2/16
336,22,Enrico,Langton,Enrico.Langton@gmail.com,9078616000,100,,2020/1/7,https://www.linkedin.com/in/LangtonEnrico/,pending,2019/3/5
337,172,William,LaRotonda,William.LaRotonda@outlook.com,3552523523,39,,2020/11/1,https://www.linkedin.com/in/LaRotondaWilliam/,pending,2019/12/19
338,39,Mohammed,Latif,Mohammed.Latif@outlook.com,5016241281,190,,2020/6/30,https://www.linkedin.com/in/LatifMohammed/,pending,2019/10/8
339,136,Binh,Le,Binh.Le@gmail.com,3346887271,6,,2020/2/29,https://www.linkedin.com/in/LeBinh/,pending,2019/6/1
340,2,Dallas,Leach,Dallas.Leach@gmail.com,2568823100,43,,2020/2/2,https://www.linkedin.com/in/LeachDallas/,pending,2019/12/21
341,179,Brandon R,LeBlanc,Brandon R.LeBlanc@gmail.com,2563412000,189,,2020/4/16,https://www.linkedin.com/in/LeBlancBrandon R/,pending,2019/4/19
342,137,Hannibal,Lecter,Hannibal.Lecter@gmail.com,9286396058,140,,2020/10/17,https://www.linkedin.com/in/LecterHannibal/,pending,2019/12/25
343,77,Giovanni,Leruth,Giovanni.Leruth@gmail.com,9079662411,83,,2020/1/21,https://www.linkedin.com/in/LeruthGiovanni/,pending,2019/3/30
344,129,Ketsia,Liebig,Ketsia.Liebig@gmail.com,4803944030,48,,2020/3/14,https://www.linkedin.com/in/LiebigKetsia/,pending,2019/9/2
345,54,Marilyn,Linares,Marilyn.Linares@outlook.com,5012023000,156,,2020/6/5,https://www.linkedin.com/in/LinaresMarilyn/,pending,2019/12/1
346,142,Mathew,Linden,Mathew.Linden@outlook.com,8708361000,108,,2020/9/17,https://www.linkedin.com/in/LindenMathew/,pending,2019/7/3
347,17,Leonara,Lindsay,Leonara.Lindsay@outlook.com,5202853000,93,,2020/6/29,https://www.linkedin.com/in/LindsayLeonara/,pending,2019/3/15
348,158,Susan,Lundy,Susan.Lundy@outlook.com,8185021900,144,,2020/2/8,https://www.linkedin.com/in/LundySusan/,pending,2019/3/1
349,193,Lisa,Lunquist,Lisa.Lunquist@outlook.com,4793388000,71,,2020/6/16,https://www.linkedin.com/in/LunquistLisa/,pending,2019/1/16
350,30,Allison,Lydon,Allison.Lydon@gmail.com,3342882100,180,,2020/5/15,https://www.linkedin.com/in/LydonAllison/,pending,2019/6/28
351,115,Lindsay,Lynch,Lindsay.Lynch@outlook.com,4795244141,103,,2020/3/15,https://www.linkedin.com/in/LynchLindsay/,pending,2019/4/22
352,127,Samuel,MacLennan,Samuel.MacLennan@outlook.com,7072524411,149,,2020/4/30,https://www.linkedin.com/in/MacLennanSamuel/,pending,2019/4/13
353,104,Lauren,Mahoney,Lauren.Mahoney@gmail.com,9286692137,19,,2020/8/9,https://www.linkedin.com/in/MahoneyLauren/,pending,2019/12/16
354,170,Robyn,Manchester,Robyn.Manchester@outlook.com,8705983881,196,,2020/10/7,https://www.linkedin.com/in/ManchesterRobyn/,pending,2019/4/20
355,196,Karen,Mancuso,Karen.Mancuso@gmail.com,9287887252,72,,2020/9/1,https://www.linkedin.com/in/MancusoKaren/,pending,2019/8/23
356,183,Debbie,Mangal,Debbie.Mangal@gmail.com,2567824538,181,,2020/1/4,https://www.linkedin.com/in/MangalDebbie/,pending,2019/3/14
357,93,Sandra,Martin,Sandra.Martin@outlook.com,7079633611,11,,2020/11/3,https://www.linkedin.com/in/MartinSandra/,pending,2019/9/21
358,6,Shana,Maurice,Shana.Maurice@outlook.com,6613271792,83,,2020/1/21,https://www.linkedin.com/in/MauriceShana/,pending,2019/6/15
359,65,Sandy,Mckenna,Sandy.Mckenna@outlook.com,2092237500,36,,2020/6/17,https://www.linkedin.com/in/MckennaSandy/,pending,2019/5/22
360,108,Jac,McKinzie,Jac.McKinzie@gmail.com,6023445011,119,,2020/8/6,https://www.linkedin.com/in/McKinzieJac/,pending,2019/12/18
361,81,Elizabeth,Meads,Elizabeth.Meads@gmail.com,2059399100,1,,2020/9/15,https://www.linkedin.com/in/MeadsElizabeth/,pending,2019/5/6
362,86,Jennifer,Medeiros,Jennifer.Medeiros@gmail.com,6022631200,2,,2020/8/25,https://www.linkedin.com/in/MedeirosJennifer/,pending,2019/8/1
363,43,Brannon,Miller,Brannon.Miller@gmail.com,2054877736,28,,2020/11/8,https://www.linkedin.com/in/MillerBrannon/,pending,2019/7/20
364,26,Ned,Miller,Ned.Miller@outlook.com,8707223800,146,,2020/11/6,https://www.linkedin.com/in/MillerNed/,pending,2019/10/1
365,164,Erasumus,Monkfish,Erasumus.Monkfish@gmail.com,9077968900,127,,2020/11/10,https://www.linkedin.com/in/MonkfishErasumus/,pending,2019/1/29
366,195,Peter,Monroe,Peter.Monroe@outlook.com,5017457000,46,,2020/3/30,https://www.linkedin.com/in/MonroePeter/,pending,2019/12/12
367,40,Luisa,Monterro,Luisa.Monterro@outlook.com,4794743401,115,,2020/3/16,https://www.linkedin.com/in/MonterroLuisa/,pending,2019/7/18
368,46,Patrick,Moran,Patrick.Moran@outlook.com,8708454400,188,,2020/11/26,https://www.linkedin.com/in/MoranPatrick/,pending,2019/12/3
369,164,Tanya,Morway,Tanya.Morway@outlook.com,2098473011,69,,2020/5/3,https://www.linkedin.com/in/MorwayTanya/,pending,2019/8/1
370,178,Dawn,Motlagh,Dawn.Motlagh@gmail.com,2513449630,90,,2020/4/16,https://www.linkedin.com/in/MotlaghDawn/,pending,2019/11/23
371,108,Maliki,Moumanil,Maliki.Moumanil@outlook.com,5016221000,68,,2020/4/27,https://www.linkedin.com/in/MoumanilMaliki/,pending,2019/7/20
372,92,Michael,Myers,Michael.Myers@outlook.com,5013211000,68,,2020/9/29,https://www.linkedin.com/in/MyersMichael/,pending,2019/4/3
373,193,Kurt,Navathe,Kurt.Navathe@gmail.com,9286452424,30,,2020/10/20,https://www.linkedin.com/in/NavatheKurt/,pending,2019/2/13
374,59,Colombui,Ndzi,Colombui.Ndzi@gmail.com,2054857117,123,,2020/10/9,https://www.linkedin.com/in/NdziColombui/,pending,2019/9/7
375,105,Horia,Ndzi,Horia.Ndzi@gmail.com,5203816300,170,,2020/1/22,https://www.linkedin.com/in/NdziHoria/,pending,2019/7/7
376,113,Richard,Newman,Richard.Newman@outlook.com,8702263731,25,,2020/3/4,https://www.linkedin.com/in/NewmanRichard/,pending,2019/11/4
377,85,Shari,Ngodup,Shari.Ngodup@outlook.com,5303327300,12,,2020/12/14,https://www.linkedin.com/in/NgodupShari/,pending,2019/2/10
378,48,Dheepa,Nguyen,Dheepa.Nguyen@gmail.com,2563861601,192,,2020/3/6,https://www.linkedin.com/in/NguyenDheepa/,pending,2019/7/11
379,199,LeiMing,Nguyen,LeiMing.Nguyen@outlook.com,9282894691,181,,2020/3/3,https://www.linkedin.com/in/NguyenLeiMing/,pending,2019/1/21
380,107,Kristie,Nowlan,Kristie.Nowlan@gmail.com,5203843541,135,,2020/5/11,https://www.linkedin.com/in/NowlanKristie/,pending,2019/9/21
381,120,Lynn,Ohare,Lynn.Ohare@outlook.com,8709724100,36,,2020/3/11,https://www.linkedin.com/in/OhareLynn/,pending,2019/8/8
382,92,Brooke,Oliver,Brooke.Oliver@gmail.com,2516331000,115,,2020/6/29,https://www.linkedin.com/in/OliverBrooke/,pending,2019/12/28
383,20,Jasmine,Onque,Jasmine.Onque@gmail.com,9287572101,66,,2020/1/28,https://www.linkedin.com/in/OnqueJasmine/,pending,2019/12/1
384,47,Adeel,Osturnka,Adeel.Osturnka@gmail.com,2565938310,104,,2020/1/4,https://www.linkedin.com/in/OsturnkaAdeel/,pending,2019/5/12
385,138,Clinton,Owad,Clinton.Owad@gmail.com,2514354700,158,,2020/7/25,https://www.linkedin.com/in/OwadClinton/,pending,2019/9/29
386,173,Travis,Ozark,Travis.Ozark@outlook.com,6192948122,39,,2020/9/5,https://www.linkedin.com/in/OzarkTravis/,pending,2019/3/11
387,133,Nina,Panjwani,Nina.Panjwani@outlook.com,4796674138,72,,2020/11/23,https://www.linkedin.com/in/PanjwaniNina/,pending,2019/3/5
388,129,Lucas,Patronick,Lucas.Patronick@outlook.com,8704144000,145,,2020/7/19,https://www.linkedin.com/in/PatronickLucas/,pending,2019/4/25
389,100,Randall,Pearson,Randall.Pearson@outlook.com,8708985011,146,,2020/4/4,https://www.linkedin.com/in/PearsonRandall/,pending,2019/7/22
390,97,Ermine,Pelletier,Ermine.Pelletier@gmail.com,9072761131,55,,2020/9/24,https://www.linkedin.com/in/PelletierErmine/,pending,2019/7/10
391,96,Shakira,Perry,Shakira.Perry@outlook.com,5305338500,87,,2020/12/16,https://www.linkedin.com/in/PerryShakira/,pending,2019/9/15
392,168,Lauren,Peters,Lauren.Peters@outlook.com,5205623321,59,,2020/5/11,https://www.linkedin.com/in/PetersLauren/,pending,2019/9/23
393,42,Ebonee,Peterson,Ebonee.Peterson@gmail.com,2518472223,37,,2020/1/10,https://www.linkedin.com/in/PetersonEbonee/,pending,2019/6/10
394,17,Shana,Petingill,Shana.Petingill@outlook.com,4088855000,117,,2020/12/18,https://www.linkedin.com/in/PetingillShana/,pending,2019/10/7
395,140,Thelma,Petrowsky,Thelma.Petrowsky@outlook.com,4082366400,25,,2020/11/24,https://www.linkedin.com/in/PetrowskyThelma/,pending,2019/1/7
396,157,Hong,Pham,Hong.Pham@gmail.com,6023315862,11,,2020/5/23,https://www.linkedin.com/in/PhamHong/,pending,2019/3/23
397,162,Brad,Pitt,Brad.Pitt@gmail.com,2562339292,79,,2020/7/7,https://www.linkedin.com/in/PittBrad/,pending,2019/12/22
398,163,Xana,Potts,Xana.Potts@outlook.com,5466754646,159,,2020/4/27,https://www.linkedin.com/in/PottsXana/,pending,2019/5/18
399,166,Morissa,Power,Morissa.Power@outlook.com,5012197000,162,,2020/4/30,https://www.linkedin.com/in/PowerMorissa/,pending,2019/12/23
400,165,Louis,Punjabhi,Louis.Punjabhi@outlook.com,4793946100,4,,2020/3/4,https://www.linkedin.com/in/PunjabhiLouis/,pending,2019/12/10
401,53,Janine,Purinton,Janine.Purinton@gmail.com,5204173001,109,,2020/12/29,https://www.linkedin.com/in/PurintonJanine/,pending,2019/7/24
402,52,Sean,Quinn,Sean.Quinn@outlook.com,6194650711,43,,2020/10/30,https://www.linkedin.com/in/QuinnSean/,pending,2019/11/22
403,158,Maggie,Rachael,Maggie.Rachael@outlook.com,4797515711,127,,2020/11/18,https://www.linkedin.com/in/RachaelMaggie/,pending,2019/4/12
404,56,Quinn,Rarrick,Quinn.Rarrick@outlook.com,4796752800,150,,2020/9/14,https://www.linkedin.com/in/RarrickQuinn/,pending,2019/2/26
405,104,Kylo,Ren,Kylo.Ren@gmail.com,9287376000,89,,2020/5/27,https://www.linkedin.com/in/RenKylo/,pending,2019/10/22
406,8,Thomas,Rhoads,Thomas.Rhoads@outlook.com,5107521000,160,,2020/4/6,https://www.linkedin.com/in/RhoadsThomas/,pending,2019/4/23
407,115,Haley,Rivera,Haley.Rivera@gmail.com,6238485000,88,,2020/7/8,https://www.linkedin.com/in/RiveraHaley/,pending,2019/1/2
408,141,May,Roberson,May.Roberson@outlook.com,4794414000,51,,2020/7/15,https://www.linkedin.com/in/RobersonMay/,pending,2019/11/6
409,9,Peter,Robertson,Peter.Robertson@outlook.com,8709463571,127,,2020/8/29,https://www.linkedin.com/in/RobertsonPeter/,pending,2019/12/24
410,161,Alain,Robinson,Alain.Robinson@gmail.com,2058383122,105,,2020/1/15,https://www.linkedin.com/in/RobinsonAlain/,pending,2019/11/15
411,87,Cherly,Robinson,Cherly.Robinson@gmail.com,2053678111,38,,2020/12/19,https://www.linkedin.com/in/RobinsonCherly/,pending,2019/3/14
412,140,Elias,Robinson,Elias.Robinson@gmail.com,2563569532,5,,2020/6/22,https://www.linkedin.com/in/RobinsonElias/,pending,2019/1/16
413,105,Lori,Roby,Lori.Roby@outlook.com,5012783100,164,,2020/9/9,https://www.linkedin.com/in/RobyLori/,pending,2019/9/3
414,112,Bianca,Roehrich,Bianca.Roehrich@gmail.com,3346843655,5,,2020/4/12,https://www.linkedin.com/in/RoehrichBianca/,pending,2019/1/7
415,83,Katie,Roper,Katie.Roper@gmail.com,4803586100,146,,2020/12/2,https://www.linkedin.com/in/RoperKatie/,pending,2019/8/9
416,139,Ashley,Rose,Ashley.Rose@gmail.com,3343762205,108,,2020/12/6,https://www.linkedin.com/in/RoseAshley/,pending,2019/12/23
417,6,Bruno,Rossetti,Bruno.Rossetti@gmail.com,2512753191,129,,2020/4/25,https://www.linkedin.com/in/RossettiBruno/,pending,2019/11/29
418,113,Simon,Roup,Simon.Roup@outlook.com,5106554000,158,,2020/1/8,https://www.linkedin.com/in/RoupSimon/,pending,2019/6/22
419,121,Ricardo,Ruiz,Ricardo.Ruiz@outlook.com,8703824303,117,,2020/7/13,https://www.linkedin.com/in/RuizRicardo/,pending,2019/4/14
420,34,Adell,Saada,Adell.Saada@gmail.com,2567688400,199,,2020/9/23,https://www.linkedin.com/in/SaadaAdell/,pending,2019/12/26
421,7,Melinda,SaarBeckles,Melinda.SaarBeckles@outlook.com,8708387300,39,,2020/3/15,https://www.linkedin.com/in/SaarBecklesMelinda/,pending,2019/11/27
422,3,Nore,Sadki,Nore.Sadki@outlook.com,8702383300,113,,2020/5/29,https://www.linkedin.com/in/SadkiNore/,pending,2019/7/30
423,80,Adil,Sahoo,Adil.Sahoo@gmail.com,3344933541,163,,2020/8/4,https://www.linkedin.com/in/SahooAdil/,pending,2019/11/23
424,151,Jason,Salter,Jason.Salter@gmail.com,9285376399,90,,2020/1/10,https://www.linkedin.com/in/SalterJason/,pending,2019/8/22
425,71,Kamrin,Sander,Kamrin.Sander@gmail.com,5209013549,144,,2020/1/2,https://www.linkedin.com/in/SanderKamrin/,pending,2019/1/11
426,28,Nori,Sewkumar,Nori.Sewkumar@outlook.com,8702225600,126,,2020/1/12,https://www.linkedin.com/in/SewkumarNori/,pending,2019/12/7
427,144,Anita,Shepard,Anita.Shepard@gmail.com,3342228466,197,,2020/1/18,https://www.linkedin.com/in/ShepardAnita/,pending,2019/4/13
428,61,Seffi,Shields,Seffi.Shields@outlook.com,7078223621,99,,2020/8/29,https://www.linkedin.com/in/ShieldsSeffi/,pending,2019/8/10
429,40,Kramer,Simard,Kramer.Simard@gmail.com,9286845421,117,,2020/5/5,https://www.linkedin.com/in/SimardKramer/,pending,2019/3/27
430,28,Nan,Singh,Nan.Singh@outlook.com,4795717002,92,,2020/3/13,https://www.linkedin.com/in/SinghNan/,pending,2019/6/11
431,17,Constance,Sloan,Constance.Sloan@gmail.com,3346705000,123,,2020/7/27,https://www.linkedin.com/in/SloanConstance/,pending,2019/1/21
432,113,Joe,Smith,Joe.Smith@gmail.com,4803233000,124,,2020/5/24,https://www.linkedin.com/in/SmithJoe/,pending,2019/11/17
433,57,John,Smith,John.Smith@gmail.com,6238796100,111,,2020/5/12,https://www.linkedin.com/in/SmithJohn/,pending,2019/9/26
434,70,Leigh Ann,Smith,Leigh Ann.Smith@outlook.com,9287554541,200,,2020/4/16,https://www.linkedin.com/in/SmithLeigh Ann/,pending,2019/9/15
435,18,Martin,Smith,Martin.Smith@outlook.com,8702397000,118,,2020/12/14,https://www.linkedin.com/in/SmithMartin/,pending,2019/9/25
436,68,Sade,Smith,Sade.Smith@outlook.com,6506965270,170,,2020/3/22,https://www.linkedin.com/in/SmithSade/,pending,2019/1/27
437,40,Julia,Soto,Julia.Soto@gmail.com,6027956020,28,,2020/8/10,https://www.linkedin.com/in/SotoJulia/,pending,2019/3/10
438,58,Keyser,Soze,Keyser.Soze@gmail.com,5204242060,4,,2020/5/20,https://www.linkedin.com/in/SozeKeyser/,pending,2019/9/1
439,9,Taylor,Sparks,Taylor.Sparks@outlook.com,6507423200,72,,2020/1/10,https://www.linkedin.com/in/SparksTaylor/,pending,2019/4/30
440,2,Kelley,Spirea,Kelley.Spirea@gmail.com,4805432000,177,,2020/3/17,https://www.linkedin.com/in/SpireaKelley/,pending,2019/11/20
441,197,Kristen,Squatrito,Kristen.Squatrito@gmail.com,5205862261,176,,2020/6/22,https://www.linkedin.com/in/SquatritoKristen/,pending,2019/7/25
442,176,Barbara M,Stanford,Barbara M.Stanford@gmail.com,2568257821,78,,2020/10/11,https://www.linkedin.com/in/StanfordBarbara M/,pending,2019/6/7
443,17,Norman,Stansfield,Norman.Stansfield@outlook.com,8702694361,4,,2020/9/12,https://www.linkedin.com/in/StansfieldNorman/,pending,2019/4/24
444,46,Tyrone,Steans,Tyrone.Steans@outlook.com,7647647476,198,,2020/12/12,https://www.linkedin.com/in/SteansTyrone/,pending,2019/6/18
445,36,Rick,Stoica,Rick.Stoica@outlook.com,8704233355,20,,2020/9/23,https://www.linkedin.com/in/StoicaRick/,pending,2019/2/22
446,174,Caitrin,Strong,Caitrin.Strong@gmail.com,2057597111,181,,2020/10/20,https://www.linkedin.com/in/StrongCaitrin/,pending,2019/5/16
447,47,Kissy,Sullivan,Kissy.Sullivan@gmail.com,6235845100,125,,2020/10/20,https://www.linkedin.com/in/SullivanKissy/,pending,2019/7/27
448,27,Timothy,Sullivan,Timothy.Sullivan@outlook.com,4158332646,198,,2020/4/25,https://www.linkedin.com/in/SullivanTimothy/,pending,2019/1/3
449,72,Barbara,Sutwell,Barbara.Sutwell@gmail.com,2053723388,188,,2020/3/18,https://www.linkedin.com/in/SutwellBarbara/,pending,2019/7/21
450,137,Andrew,Szabo,Andrew.Szabo@gmail.com,3342836541,45,,2020/2/4,https://www.linkedin.com/in/SzaboAndrew/,pending,2019/3/30
451,172,Biff,Tannen,Biff.Tannen@gmail.com,2563297100,113,,2020/9/28,https://www.linkedin.com/in/TannenBiff/,pending,2019/11/9
452,150,Desiree,Tavares,Desiree.Tavares@gmail.com,3343822200,83,,2020/2/17,https://www.linkedin.com/in/TavaresDesiree/,pending,2019/10/10
453,162,Lenora,Tejeda,Lenora.Tejeda@outlook.com,5204326401,24,,2020/6/18,https://www.linkedin.com/in/TejedaLenora/,pending,2019/5/10
454,72,Sharlene,Terry,Sharlene.Terry@outlook.com,8183641555,174,,2020/10/4,https://www.linkedin.com/in/TerrySharlene/,pending,2019/2/20
455,180,Sophia,Theamstern,Sophia.Theamstern@outlook.com,4156006000,20,,2020/7/13,https://www.linkedin.com/in/TheamsternSophia/,pending,2019/7/25
456,142,Kenneth,Thibaud,Kenneth.Thibaud@gmail.com,4803247004,95,,2020/3/23,https://www.linkedin.com/in/ThibaudKenneth/,pending,2019/5/28
457,101,Jeanette,Tippett,Jeanette.Tippett@gmail.com,9287298000,51,,2020/1/11,https://www.linkedin.com/in/TippettJeanette/,pending,2019/2/3
458,160,Jack,Torrence,Jack.Torrence@gmail.com,9287793366,123,,2020/11/3,https://www.linkedin.com/in/TorrenceJack/,pending,2019/6/1
459,59,Mei,Trang,Mei.Trang@outlook.com,8702353000,122,,2020/3/21,https://www.linkedin.com/in/TrangMei/,pending,2019/8/23
460,178,Neville,Tredinnick,Neville.Tredinnick@outlook.com,5015852000,148,,2020/2/24,https://www.linkedin.com/in/TredinnickNeville/,pending,2019/8/1
461,63,Cybil,Trzeciak,Cybil.Trzeciak@gmail.com,2053383301,68,,2020/2/8,https://www.linkedin.com/in/TrzeciakCybil/,pending,2019/4/30
462,140,Jumil,Turpin,Jumil.Turpin@gmail.com,4806039000,139,,2020/6/14,https://www.linkedin.com/in/TurpinJumil/,pending,2019/3/18
463,33,Jackie,Valentin,Jackie.Valentin@gmail.com,6024065001,122,,2020/9/28,https://www.linkedin.com/in/ValentinJackie/,pending,2019/1/4
464,171,Abdellah,Veera,Abdellah.Veera@gmail.com,3347938701,137,,2020/12/9,https://www.linkedin.com/in/VeeraAbdellah/,pending,2019/12/1
465,27,Vincent,Vega,Vincent.Vega@outlook.com,4525424325,44,,2020/3/26,https://www.linkedin.com/in/VegaVincent/,pending,2019/3/22
466,120,Noah,Villanueva,Noah.Villanueva@outlook.com,4796374135,14,,2020/7/20,https://www.linkedin.com/in/VillanuevaNoah/,pending,2019/10/10
467,83,Lord,Voldemort,Lord.Voldemort@outlook.com,4794952241,186,,2020/5/25,https://www.linkedin.com/in/VoldemortLord/,pending,2019/11/28
468,10,Colleen,Volk,Colleen.Volk@gmail.com,3344184100,189,,2020/9/2,https://www.linkedin.com/in/VolkColleen/,pending,2019/9/7
469,45,Anna,Von Massenbach,Anna.Von Massenbach@gmail.com,2562651000,197,,2020/8/24,https://www.linkedin.com/in/Von MassenbachAnna/,pending,2019/1/6
470,39,Roger,Walker,Roger.Walker@outlook.com,4797875291,158,,2020/9/26,https://www.linkedin.com/in/WalkerRoger/,pending,2019/9/7
471,79,Courtney E,Wallace,Courtney E.Wallace@gmail.com,2519375521,28,,2020/8/9,https://www.linkedin.com/in/WallaceCourtney E/,pending,2019/6/26
472,54,Theresa,Wallace,Theresa.Wallace@outlook.com,9252954000,11,,2020/7/18,https://www.linkedin.com/in/WallaceTheresa/,pending,2019/10/26
473,7,Charlie,Wang,Charlie.Wang@gmail.com,3343614267,73,,2020/5/22,https://www.linkedin.com/in/WangCharlie/,pending,2019/6/21
474,139,Sarah,Warfield,Sarah.Warfield@outlook.com,2136248411,146,,2020/6/28,https://www.linkedin.com/in/WarfieldSarah/,pending,2019/11/30
475,134,Scott,Whittier,Scott.Whittier@outlook.com,6194704321,139,,2020/4/16,https://www.linkedin.com/in/WhittierScott/,pending,2019/10/3
476,174,Barry,Wilber,Barry.Wilber@gmail.com,3347935000,111,,2020/7/25,https://www.linkedin.com/in/WilberBarry/,pending,2019/12/27
477,57,Annie,Wilkes,Annie.Wilkes@gmail.com,2564944000,66,,2020/2/21,https://www.linkedin.com/in/WilkesAnnie/,pending,2019/7/28
478,54,Jacquelyn,Williams,Jacquelyn.Williams@gmail.com,6022490212,75,,2020/9/19,https://www.linkedin.com/in/WilliamsJacquelyn/,pending,2019/5/14
479,194,Jordan,Winthrop,Jordan.Winthrop@gmail.com,6235244000,176,,2020/9/29,https://www.linkedin.com/in/WinthropJordan/,pending,2019/6/20
480,28,Hang T,Wolk,Hang T.Wolk@gmail.com,6022392000,11,,2020/11/8,https://www.linkedin.com/in/WolkHang T/,pending,2019/8/7
481,63,Jason,Woodson,Jason.Woodson@gmail.com,5208744189,80,,2020/1/18,https://www.linkedin.com/in/WoodsonJason/,pending,2019/3/26
482,182,Catherine,Ybarra,Catherine.Ybarra@gmail.com,3346824131,47,,2020/5/19,https://www.linkedin.com/in/YbarraCatherine/,pending,2019/11/22
483,126,Jennifer,Zamora,Jennifer.Zamora@gmail.com,6029235000,71,,2020/10/29,https://www.linkedin.com/in/ZamoraJennifer/,pending,2019/6/11
484,146,Julia,Zhou,Julia.Zhou@gmail.com,6238821515,56,,2020/3/8,https://www.linkedin.com/in/ZhouJulia/,pending,2019/9/25
181,36,Linda,Anderson,Linda.Anderson@outlook.com,6029547311,94,,2020/6/28,https://www.linkedin.com/in/AndersonLinda/,pending,2019/3/10
182,129,Colby,Andreola,Colby.Andreola@gmail.com,2054817000,30,,2020/4/17,https://www.linkedin.com/in/AndreolaColby/,pending,2019/12/10
183,38,Sam,Athwal,Sam.Athwal@outlook.com,4156006000,160,,2020/3/23,https://www.linkedin.com/in/AthwalSam/,pending,2019/12/24
184,155,Linda,Bachiochi,Linda.Bachiochi@outlook.com,6029331000,22,,2020/5/14,https://www.linkedin.com/in/BachiochiLinda/,pending,2019/9/13
185,28,Alejandro,Bacong,Alejandro.Bacong@gmail.com,2568453150,177,,2020/9/9,https://www.linkedin.com/in/BacongAlejandro/,pending,2019/6/11
186,30,Rachael,Baczenski,Rachael.Baczenski@outlook.com,8705844111,187,,2020/5/13,https://www.linkedin.com/in/BaczenskiRachael/,pending,2019/2/19
187,5,Thomas,Barbara,Thomas.Barbara@outlook.com,7076511000,91,,2020/3/6,https://www.linkedin.com/in/BarbaraThomas/,pending,2019/10/18
188,22,Hector,Barbossa,Hector.Barbossa@gmail.com,9284452700,171,,2020/2/16,https://www.linkedin.com/in/BarbossaHector/,pending,2019/12/28
189,11,Francesco A,Barone,Francesco A.Barone@gmail.com,9077473241,127,,2020/1/12,https://www.linkedin.com/in/BaroneFrancesco A/,pending,2019/2/19
190,163,Nader,Barton,Nader.Barton@outlook.com,5017488000,117,,2020/11/20,https://www.linkedin.com/in/BartonNader/,pending,2019/2/6
191,42,Norman,Bates,Norman.Bates@outlook.com,8708861200,74,,2020/1/7,https://www.linkedin.com/in/BatesNorman/,pending,2019/10/24
192,80,Kimberly,Beak,Kimberly.Beak@gmail.com,4807333300,123,,2020/1/25,https://www.linkedin.com/in/BeakKimberly/,pending,2019/9/3
193,12,Courtney,Beatrice,Courtney.Beatrice@gmail.com,2512469021,152,,2020/12/12,https://www.linkedin.com/in/BeatriceCourtney/,pending,2019/1/9
194,4,Renee,Becker,Renee.Becker@outlook.com,8703644111,115,,2020/1/21,https://www.linkedin.com/in/BeckerRenee/,pending,2019/6/6
195,46,Scott,Becker,Scott.Becker@outlook.com,9517883000,2,,2020/3/17,https://www.linkedin.com/in/BeckerScott/,pending,2019/9/9
196,91,Sean,Bernstein,Sean.Bernstein@outlook.com,6195436222,76,,2020/1/8,https://www.linkedin.com/in/BernsteinSean/,pending,2019/10/13
197,3,Lowan M,Biden,Lowan M.Biden@outlook.com,5016865000,147,,2020/9/19,https://www.linkedin.com/in/BidenLowan M/,pending,2019/4/15
478,185,Jacquelyn,Williams,Jacquelyn.Williams@gmail.com,6022490212,75,,2020/10/29,https://www.linkedin.com/in/WilliamsJacquelyn/,pending,2019/2/27
479,86,Jordan,Winthrop,Jordan.Winthrop@gmail.com,6235244000,176,,2020/11/26,https://www.linkedin.com/in/WinthropJordan/,pending,2019/6/23
480,150,Hang T,Wolk,Hang T.Wolk@gmail.com,6022392000,11,,2020/3/3,https://www.linkedin.com/in/WolkHang T/,pending,2019/2/15
481,51,Jason,Woodson,Jason.Woodson@gmail.com,5208744189,80,,2020/7/22,https://www.linkedin.com/in/WoodsonJason/,pending,2019/8/24
482,102,Catherine,Ybarra,Catherine.Ybarra@gmail.com,3346824131,47,,2020/2/25,https://www.linkedin.com/in/YbarraCatherine/,pending,2019/3/12
483,127,Jennifer,Zamora,Jennifer.Zamora@gmail.com,6029235000,71,,2020/4/3,https://www.linkedin.com/in/ZamoraJennifer/,pending,2019/5/27
484,63,Julia,Zhou,Julia.Zhou@gmail.com,6238821515,56,,2020/2/24,https://www.linkedin.com/in/ZhouJulia/,pending,2019/4/29
181,1,Linda,Anderson,Linda.Anderson@outlook.com,6029547311,94,,2020/11/4,https://www.linkedin.com/in/AndersonLinda/,pending,2019/5/19
182,74,Colby,Andreola,Colby.Andreola@gmail.com,2054817000,30,,2020/3/12,https://www.linkedin.com/in/AndreolaColby/,pending,2019/3/29
183,146,Sam,Athwal,Sam.Athwal@outlook.com,4156006000,160,,2020/6/8,https://www.linkedin.com/in/AthwalSam/,pending,2019/2/1
184,97,Linda,Bachiochi,Linda.Bachiochi@outlook.com,6029331000,22,,2020/2/19,https://www.linkedin.com/in/BachiochiLinda/,pending,2019/10/26
185,57,Alejandro,Bacong,Alejandro.Bacong@gmail.com,2568453150,177,,2020/9/2,https://www.linkedin.com/in/BacongAlejandro/,pending,2019/6/20
186,34,Rachael,Baczenski,Rachael.Baczenski@outlook.com,8705844111,187,,2020/7/24,https://www.linkedin.com/in/BaczenskiRachael/,pending,2019/11/9
187,93,Thomas,Barbara,Thomas.Barbara@outlook.com,7076511000,91,,2020/9/17,https://www.linkedin.com/in/BarbaraThomas/,pending,2019/6/11
188,142,Hector,Barbossa,Hector.Barbossa@gmail.com,9284452700,171,,2020/11/20,https://www.linkedin.com/in/BarbossaHector/,pending,2019/1/10
338,167,Mohammed,Latif,Mohammed.Latif@outlook.com,5016241281,190,,2020/7/24,https://www.linkedin.com/in/LatifMohammed/,pending,2019/4/10
339,140,Binh,Le,Binh.Le@gmail.com,3346887271,6,,2020/9/1,https://www.linkedin.com/in/LeBinh/,pending,2019/2/18
340,70,Dallas,Leach,Dallas.Leach@gmail.com,2568823100,43,,2020/10/11,https://www.linkedin.com/in/LeachDallas/,pending,2019/5/15
341,80,Brandon R,LeBlanc,Brandon R.LeBlanc@gmail.com,2563412000,189,,2020/3/20,https://www.linkedin.com/in/LeBlancBrandon R/,pending,2019/9/16
342,20,Hannibal,Lecter,Hannibal.Lecter@gmail.com,9286396058,140,,2020/2/26,https://www.linkedin.com/in/LecterHannibal/,pending,2019/11/29
343,102,Giovanni,Leruth,Giovanni.Leruth@gmail.com,9079662411,83,,2020/8/5,https://www.linkedin.com/in/LeruthGiovanni/,pending,2019/7/13
344,182,Ketsia,Liebig,Ketsia.Liebig@gmail.com,4803944030,48,,2020/7/3,https://www.linkedin.com/in/LiebigKetsia/,pending,2019/7/4
345,27,Marilyn,Linares,Marilyn.Linares@outlook.com,5012023000,156,,2020/9/3,https://www.linkedin.com/in/LinaresMarilyn/,pending,2019/5/11
346,43,Mathew,Linden,Mathew.Linden@outlook.com,8708361000,108,,2020/11/28,https://www.linkedin.com/in/LindenMathew/,pending,2019/4/17
347,156,Leonara,Lindsay,Leonara.Lindsay@outlook.com,5202853000,93,,2020/8/14,https://www.linkedin.com/in/LindsayLeonara/,pending,2019/4/24
348,66,Susan,Lundy,Susan.Lundy@outlook.com,8185021900,144,,2020/3/21,https://www.linkedin.com/in/LundySusan/,pending,2019/6/16
349,2,Lisa,Lunquist,Lisa.Lunquist@outlook.com,4793388000,71,,2020/5/13,https://www.linkedin.com/in/LunquistLisa/,pending,2019/3/19
350,78,Allison,Lydon,Allison.Lydon@gmail.com,3342882100,180,,2020/8/5,https://www.linkedin.com/in/LydonAllison/,pending,2019/9/3
351,121,Lindsay,Lynch,Lindsay.Lynch@outlook.com,4795244141,103,,2020/2/22,https://www.linkedin.com/in/LynchLindsay/,pending,2019/2/2
352,159,Samuel,MacLennan,Samuel.MacLennan@outlook.com,7072524411,149,,2020/12/23,https://www.linkedin.com/in/MacLennanSamuel/,pending,2019/2/2
353,118,Lauren,Mahoney,Lauren.Mahoney@gmail.com,9286692137,19,,2020/10/20,https://www.linkedin.com/in/MahoneyLauren/,pending,2019/5/9
354,11,Robyn,Manchester,Robyn.Manchester@outlook.com,8705983881,196,,2020/4/7,https://www.linkedin.com/in/ManchesterRobyn/,pending,2019/4/11
238,31,Ann,Daniele,Ann.Daniele@gmail.com,2562358900,84,,2020/8/6,https://www.linkedin.com/in/DanieleAnn/,pending,2019/1/11
239,190,Jeneya,Darson,Jeneya.Darson@gmail.com,9282832501,16,,2020/9/12,https://www.linkedin.com/in/DarsonJeneya/,pending,2019/6/3
240,16,Daniel,Davis,Daniel.Davis@gmail.com,2053925263,141,,2020/4/30,https://www.linkedin.com/in/DavisDaniel/,pending,2019/11/11
241,138,Randy,Dee,Randy.Dee@outlook.com,8702452622,82,,2020/1/20,https://www.linkedin.com/in/DeeRandy/,pending,2019/7/13
242,25,James,DeGweck,James.DeGweck@gmail.com,4807283000,124,,2020/1/9,https://www.linkedin.com/in/DeGweckJames/,pending,2019/4/25
243,12,Keyla,Del Bosque,Keyla.Del Bosque@gmail.com,6027977700,56,,2020/5/27,https://www.linkedin.com/in/Del BosqueKeyla/,pending,2019/5/6
244,118,Alex,Delarge,Alex.Delarge@gmail.com,2056208100,139,,2020/3/22,https://www.linkedin.com/in/DelargeAlex/,pending,2019/6/10
245,81,Carla,Demita,Carla.Demita@gmail.com,2518678061,62,,2020/10/26,https://www.linkedin.com/in/DemitaCarla/,pending,2019/7/30
246,13,Carl,Desimone,Carl.Desimone@gmail.com,3345674311,89,,2020/2/14,https://www.linkedin.com/in/DesimoneCarl/,pending,2019/4/30
247,98,Tommy,DeVito,Tommy.DeVito@outlook.com,6192948111,86,,2020/3/17,https://www.linkedin.com/in/DeVitoTommy/,pending,2019/3/28
248,7,Geoff,Dickinson,Geoff.Dickinson@gmail.com,9074423321,48,,2020/5/1,https://www.linkedin.com/in/DickinsonGeoff/,pending,2019/12/30
249,128,Jenna,Dietrich,Jenna.Dietrich@gmail.com,5203627003,73,,2020/3/22,https://www.linkedin.com/in/DietrichJenna/,pending,2019/7/26
344,45,Ketsia,Liebig,Ketsia.Liebig@gmail.com,4803944030,48,,2020/2/1,https://www.linkedin.com/in/LiebigKetsia/,pending,2019/7/12
345,152,Marilyn,Linares,Marilyn.Linares@outlook.com,5012023000,156,,2020/6/24,https://www.linkedin.com/in/LinaresMarilyn/,pending,2019/2/4
346,5,Mathew,Linden,Mathew.Linden@outlook.com,8708361000,108,,2020/8/5,https://www.linkedin.com/in/LindenMathew/,pending,2019/4/25
347,168,Leonara,Lindsay,Leonara.Lindsay@outlook.com,5202853000,93,,2020/9/28,https://www.linkedin.com/in/LindsayLeonara/,pending,2019/10/27
348,140,Susan,Lundy,Susan.Lundy@outlook.com,8185021900,144,,2020/12/1,https://www.linkedin.com/in/LundySusan/,pending,2019/5/5
349,23,Lisa,Lunquist,Lisa.Lunquist@outlook.com,4793388000,71,,2020/6/8,https://www.linkedin.com/in/LunquistLisa/,pending,2019/5/21
350,77,Allison,Lydon,Allison.Lydon@gmail.com,3342882100,180,,2020/5/4,https://www.linkedin.com/in/LydonAllison/,pending,2019/1/10
351,71,Lindsay,Lynch,Lindsay.Lynch@outlook.com,4795244141,103,,2020/12/21,https://www.linkedin.com/in/LynchLindsay/,pending,2019/8/26
352,20,Samuel,MacLennan,Samuel.MacLennan@outlook.com,7072524411,149,,2020/3/10,https://www.linkedin.com/in/MacLennanSamuel/,pending,2019/4/26
353,82,Lauren,Mahoney,Lauren.Mahoney@gmail.com,9286692137,19,,2020/8/25,https://www.linkedin.com/in/MahoneyLauren/,pending,2019/8/8
354,53,Robyn,Manchester,Robyn.Manchester@outlook.com,8705983881,196,,2020/7/30,https://www.linkedin.com/in/ManchesterRobyn/,pending,2019/6/16
238,11,Ann,Daniele,Ann.Daniele@gmail.com,2562358900,84,,2020/9/8,https://www.linkedin.com/in/DanieleAnn/,pending,2019/2/22
239,106,Jeneya,Darson,Jeneya.Darson@gmail.com,9282832501,16,,2020/3/6,https://www.linkedin.com/in/DarsonJeneya/,pending,2019/3/8
240,194,Daniel,Davis,Daniel.Davis@gmail.com,2053925263,141,,2020/4/24,https://www.linkedin.com/in/DavisDaniel/,pending,2019/2/6
241,129,Randy,Dee,Randy.Dee@outlook.com,8702452622,82,,2020/4/10,https://www.linkedin.com/in/DeeRandy/,pending,2019/2/20
242,181,James,DeGweck,James.DeGweck@gmail.com,4807283000,124,,2020/1/5,https://www.linkedin.com/in/DeGweckJames/,pending,2019/7/4
243,19,Keyla,Del Bosque,Keyla.Del Bosque@gmail.com,6027977700,56,,2020/10/26,https://www.linkedin.com/in/Del BosqueKeyla/,pending,2019/1/16
244,163,Alex,Delarge,Alex.Delarge@gmail.com,2056208100,139,,2020/3/15,https://www.linkedin.com/in/DelargeAlex/,pending,2019/1/29
245,5,Carla,Demita,Carla.Demita@gmail.com,2518678061,62,,2020/3/9,https://www.linkedin.com/in/DemitaCarla/,pending,2019/5/9
246,5,Carl,Desimone,Carl.Desimone@gmail.com,3345674311,89,,2020/2/26,https://www.linkedin.com/in/DesimoneCarl/,pending,2019/3/10
203,149,Charles,Bozzi,Charles.Bozzi@gmail.com,2055921000,114,,2020/12/2,https://www.linkedin.com/in/BozziCharles/,pending,2019/1/7
204,130,Donna,Brill,Donna.Brill@gmail.com,2562495000,76,,2020/5/23,https://www.linkedin.com/in/BrillDonna/,pending,2019/10/20
205,65,Mia,Brown,Mia.Brown@outlook.com,8706733511,173,,2020/8/29,https://www.linkedin.com/in/BrownMia/,pending,2019/5/21
206,53,Joseph,Buccheri,Joseph.Buccheri@gmail.com,6235611000,111,,2020/7/17,https://www.linkedin.com/in/BuccheriJoseph/,pending,2019/1/1
207,129,Josephine,Bugali,Josephine.Bugali@gmail.com,9287632273,124,,2020/10/10,https://www.linkedin.com/in/BugaliJosephine/,pending,2019/8/26
208,164,Jessica,Bunbury,Jessica.Bunbury@gmail.com,9286747001,163,,2020/6/27,https://www.linkedin.com/in/BunburyJessica/,pending,2019/10/8
209,145,Joelle,Burke,Joelle.Burke@gmail.com,4806845898,44,,2020/7/25,https://www.linkedin.com/in/BurkeJoelle/,pending,2019/9/4
210,27,Benjamin,Burkett,Benjamin.Burkett@gmail.com,2569742200,82,,2020/5/3,https://www.linkedin.com/in/BurkettBenjamin/,pending,2019/6/8
211,60,Max,Cady,Max.Cady@outlook.com,8703672411,141,,2020/7/29,https://www.linkedin.com/in/CadyMax/,pending,2019/9/26
212,109,Calvin,Candie,Calvin.Candie@gmail.com,3346243024,197,,2020/4/6,https://www.linkedin.com/in/CandieCalvin/,pending,2019/12/29
213,185,Judith,Carabbio,Judith.Carabbio@gmail.com,4808545050,19,,2020/11/22,https://www.linkedin.com/in/CarabbioJudith/,pending,2019/1/18
214,40,Michael,Carey,Michael.Carey@outlook.com,5019857000,156,,2020/8/15,https://www.linkedin.com/in/CareyMichael/,pending,2019/7/24
215,99,Claudia N,Carr,Claudia N.Carr@gmail.com,3342894000,4,,2020/1/13,https://www.linkedin.com/in/CarrClaudia N/,pending,2019/8/23
216,96,Michelle,Carter,Michelle.Carter@outlook.com,8703385800,101,,2020/2/15,https://www.linkedin.com/in/CarterMichelle/,pending,2019/4/16
217,90,Brigit,Carthy,Brigit.Carthy@gmail.com,2053874000,186,,2020/3/30,https://www.linkedin.com/in/CarthyBrigit/,pending,2019/9/22
218,170,Beatrice,Chace,Beatrice.Chace@gmail.com,2059264881,159,,2020/5/3,https://www.linkedin.com/in/ChaceBeatrice/,pending,2019/4/25
219,197,Brian,Champaigne,Brian.Champaigne@gmail.com,2514717110,155,,2020/6/27,https://www.linkedin.com/in/ChampaigneBrian/,pending,2019/6/8
